Image,Model,mIoU,Precision@0.5
MutekiBoukenSyakuma_054.jpg,P1_YOLO_Nano,0.7735035681293353,0.9090909090909091
MutekiBoukenSyakuma_054.jpg,P2_YOLO_Det_Nano + SAM,0.6710805230727623,0.7272727272727273
TensiNoHaneToAkumaNoShippo_076.jpg,P1_YOLO_Nano,0.7513493316310417,0.8947368421052632
TensiNoHaneToAkumaNoShippo_076.jpg,P2_YOLO_Det_Nano + SAM,0.867531603549792,1.0
HinagikuKenzan_057.jpg,P1_YOLO_Nano,0.934272792236907,1.0
HinagikuKenzan_057.jpg,P2_YOLO_Det_Nano + SAM,0.9675595858249326,1.0
TapkunNoTanteisitsu_088.jpg,P1_YOLO_Nano,0.934173120570859,1.0
TapkunNoTanteisitsu_088.jpg,P2_YOLO_Det_Nano + SAM,0.9696188920938185,1.0
SeisinkiVulnus_091.jpg,P1_YOLO_Nano,0.9083686114671041,1.0
SeisinkiVulnus_091.jpg,P2_YOLO_Det_Nano + SAM,0.9546254830815056,1.0
YumeiroCooking_044.jpg,P1_YOLO_Nano,0.8712063628597299,0.9473684210526315
YumeiroCooking_044.jpg,P2_YOLO_Det_Nano + SAM,0.9006506486883845,0.9473684210526315
PlatinumJungle_078.jpg,P1_YOLO_Nano,0.9399661044533534,1.0
PlatinumJungle_078.jpg,P2_YOLO_Det_Nano + SAM,0.7299639467742114,0.75
MemorySeijin_027.jpg,P1_YOLO_Nano,0.9065431764491895,1.0
MemorySeijin_027.jpg,P2_YOLO_Det_Nano + SAM,0.9592004922063893,1.0
BEMADER_P_017.jpg,P1_YOLO_Nano,0.9215241460593159,1.0
BEMADER_P_017.jpg,P2_YOLO_Det_Nano + SAM,0.9047126458122352,0.9565217391304348
SeisinkiVulnus_073.jpg,P1_YOLO_Nano,0.8273273107792947,0.8888888888888888
SeisinkiVulnus_073.jpg,P2_YOLO_Det_Nano + SAM,0.8372120208131411,0.8888888888888888
MeteoSanStrikeDesu_100.jpg,P1_YOLO_Nano,0.915907510257735,1.0
MeteoSanStrikeDesu_100.jpg,P2_YOLO_Det_Nano + SAM,0.8222424108588977,0.875
TaiyouNiSmash_021.jpg,P1_YOLO_Nano,0.7901470954212934,0.8571428571428571
TaiyouNiSmash_021.jpg,P2_YOLO_Det_Nano + SAM,0.8131166802251313,0.8571428571428571
TotteokiNoABC_019.jpg,P1_YOLO_Nano,0.8877774194450383,1.0
TotteokiNoABC_019.jpg,P2_YOLO_Det_Nano + SAM,0.8759075910857712,0.9375
MoeruOnisan_vol01_053.jpg,P1_YOLO_Nano,0.9042754680807639,0.9655172413793104
MoeruOnisan_vol01_053.jpg,P2_YOLO_Det_Nano + SAM,0.9065284521832321,0.9655172413793104
LancelotFullThrottle_023.jpg,P1_YOLO_Nano,0.9144494240559861,1.0
LancelotFullThrottle_023.jpg,P2_YOLO_Det_Nano + SAM,0.9551696908560283,1.0
MariaSamaNihaNaisyo_091.jpg,P1_YOLO_Nano,0.9475802212741677,1.0
MariaSamaNihaNaisyo_091.jpg,P2_YOLO_Det_Nano + SAM,0.9691516269894477,1.0
Arisa_080.jpg,P1_YOLO_Nano,0.9706210469003115,1.0
Arisa_080.jpg,P2_YOLO_Det_Nano + SAM,0.9826372971965766,1.0
OhWareraRettouSeitokai_047.jpg,P1_YOLO_Nano,0.7585086840553138,0.8333333333333334
OhWareraRettouSeitokai_047.jpg,P2_YOLO_Det_Nano + SAM,0.9440192706166818,1.0
DollGun_003.jpg,P1_YOLO_Nano,0.7400737234116681,0.8125
DollGun_003.jpg,P2_YOLO_Det_Nano + SAM,0.7589949343077366,0.75
HaruichibanNoFukukoro_064.jpg,P1_YOLO_Nano,0.6753654266367559,0.75
HaruichibanNoFukukoro_064.jpg,P2_YOLO_Det_Nano + SAM,0.9103419439811058,1.0
LoveHina_vol14_057.jpg,P1_YOLO_Nano,0.8903502580719069,0.95
LoveHina_vol14_057.jpg,P2_YOLO_Det_Nano + SAM,0.9631218775101787,1.0
That'sIzumiko_101.jpg,P1_YOLO_Nano,0.8205640762164628,1.0
That'sIzumiko_101.jpg,P2_YOLO_Det_Nano + SAM,0.8739637018860202,1.0
Akuhamu_045.jpg,P1_YOLO_Nano,0.920513445481111,1.0
Akuhamu_045.jpg,P2_YOLO_Det_Nano + SAM,0.9484381096849905,1.0
TasogareTsushin_093.jpg,P1_YOLO_Nano,0.9270023475457461,1.0
TasogareTsushin_093.jpg,P2_YOLO_Det_Nano + SAM,0.9791126559258505,1.0
ReveryEarth_079.jpg,P1_YOLO_Nano,0.7108326876266424,0.8571428571428571
ReveryEarth_079.jpg,P2_YOLO_Det_Nano + SAM,0.648028252916853,0.7142857142857143
DollGun_037.jpg,P1_YOLO_Nano,0.8535952799572802,0.9166666666666666
DollGun_037.jpg,P2_YOLO_Det_Nano + SAM,0.8711587787712377,0.9166666666666666
YumeiroCooking_036.jpg,P1_YOLO_Nano,0.878629987398071,1.0
YumeiroCooking_036.jpg,P2_YOLO_Det_Nano + SAM,0.8540288833867882,0.9166666666666666
GarakutayaManta_076.jpg,P1_YOLO_Nano,0.9194209415310037,1.0
GarakutayaManta_076.jpg,P2_YOLO_Det_Nano + SAM,0.75921725074162,0.8
MoeruOnisan_vol19_023.jpg,P1_YOLO_Nano,0.941780959391447,1.0
MoeruOnisan_vol19_023.jpg,P2_YOLO_Det_Nano + SAM,0.9552880632805812,1.0
Saisoku_004.jpg,P1_YOLO_Nano,0.8688763917726864,1.0
Saisoku_004.jpg,P2_YOLO_Det_Nano + SAM,0.8565886377726651,0.9230769230769231
ParaisoRoad_027.jpg,P1_YOLO_Nano,0.9206691230162674,1.0
ParaisoRoad_027.jpg,P2_YOLO_Det_Nano + SAM,0.840811262699925,0.8823529411764706
MukoukizuNoChonbo_037.jpg,P1_YOLO_Nano,0.8464640462255081,0.9230769230769231
MukoukizuNoChonbo_037.jpg,P2_YOLO_Det_Nano + SAM,0.737002343899928,0.7692307692307693
Hamlet_143.jpg,P1_YOLO_Nano,0.9434505763849471,1.0
Hamlet_143.jpg,P2_YOLO_Det_Nano + SAM,0.9748779361747473,1.0
Saisoku_003.jpg,P1_YOLO_Nano,0.6722817543222332,0.75
Saisoku_003.jpg,P2_YOLO_Det_Nano + SAM,0.5706671667420015,0.625
MiraiSan_054.jpg,P1_YOLO_Nano,0.9160439158617816,1.0
MiraiSan_054.jpg,P2_YOLO_Det_Nano + SAM,0.9417999536794845,1.0
BokuHaSitatakaKun_065.jpg,P1_YOLO_Nano,0.8750455544411072,1.0
BokuHaSitatakaKun_065.jpg,P2_YOLO_Det_Nano + SAM,0.6985740378469649,0.76
SaladDays_vol01_024.jpg,P1_YOLO_Nano,0.8443948522894962,0.9375
SaladDays_vol01_024.jpg,P2_YOLO_Det_Nano + SAM,0.8869199639333779,0.9375
EvaLady_092.jpg,P1_YOLO_Nano,0.8761180113614474,1.0
EvaLady_092.jpg,P2_YOLO_Det_Nano + SAM,0.6104410333882374,0.6666666666666666
PsychoStaff_028.jpg,P1_YOLO_Nano,0.9285563909767596,1.0
PsychoStaff_028.jpg,P2_YOLO_Det_Nano + SAM,0.9221756028309787,0.9565217391304348
BEMADER_P_004.jpg,P1_YOLO_Nano,0.8379816522388869,0.9444444444444444
BEMADER_P_004.jpg,P2_YOLO_Det_Nano + SAM,0.6212444041202263,0.6666666666666666
MoeruOnisan_vol01_081.jpg,P1_YOLO_Nano,0.8691918960167804,0.9230769230769231
MoeruOnisan_vol01_081.jpg,P2_YOLO_Det_Nano + SAM,0.8656871674945339,0.9230769230769231
HisokaReturns_025.jpg,P1_YOLO_Nano,0.9196199431452062,1.0
HisokaReturns_025.jpg,P2_YOLO_Det_Nano + SAM,0.9518660212225527,1.0
MisutenaideDaisy_026.jpg,P1_YOLO_Nano,0.7725430093870692,0.9166666666666666
MisutenaideDaisy_026.jpg,P2_YOLO_Det_Nano + SAM,0.8065632303218585,0.9166666666666666
MoeruOnisan_vol01_064.jpg,P1_YOLO_Nano,0.8801063315663407,0.967741935483871
MoeruOnisan_vol01_064.jpg,P2_YOLO_Det_Nano + SAM,0.8786777578339399,0.9354838709677419
AisazuNihaIrarenai_059.jpg,P1_YOLO_Nano,0.8943434587558227,1.0
AisazuNihaIrarenai_059.jpg,P2_YOLO_Det_Nano + SAM,0.7627691811609015,0.8333333333333334
PLANET7_052.jpg,P1_YOLO_Nano,0.8393581622797448,0.9333333333333333
PLANET7_052.jpg,P2_YOLO_Det_Nano + SAM,0.7913143698805166,0.8666666666666667
BurariTessenTorimonocho_041.jpg,P1_YOLO_Nano,0.8649454970052222,1.0
BurariTessenTorimonocho_041.jpg,P2_YOLO_Det_Nano + SAM,0.8480700203381899,0.95
KoukouNoHitotachi_014.jpg,P1_YOLO_Nano,0.9130475804293948,1.0
KoukouNoHitotachi_014.jpg,P2_YOLO_Det_Nano + SAM,0.8714638188833288,0.9285714285714286
Jyovolley_010.jpg,P1_YOLO_Nano,0.9167801516991243,1.0
Jyovolley_010.jpg,P2_YOLO_Det_Nano + SAM,0.8823337342643904,0.9230769230769231
That'sIzumiko_097.jpg,P1_YOLO_Nano,0.9009478073377138,1.0
That'sIzumiko_097.jpg,P2_YOLO_Det_Nano + SAM,0.935462839341426,1.0
KuroidoGanka_041.jpg,P1_YOLO_Nano,0.8962432126330905,0.9444444444444444
KuroidoGanka_041.jpg,P2_YOLO_Det_Nano + SAM,0.9057264794406691,0.9444444444444444
Akuhamu_010.jpg,P1_YOLO_Nano,0.9110683743248528,1.0
Akuhamu_010.jpg,P2_YOLO_Det_Nano + SAM,0.9231004097211162,1.0
SeisinkiVulnus_026.jpg,P1_YOLO_Nano,0.8601720746285768,1.0
SeisinkiVulnus_026.jpg,P2_YOLO_Det_Nano + SAM,0.23807708885379156,0.25
Saisoku_029.jpg,P1_YOLO_Nano,0.9366637815861667,1.0
Saisoku_029.jpg,P2_YOLO_Det_Nano + SAM,0.8607665701794065,0.9
UnbalanceTokyo_037.jpg,P1_YOLO_Nano,0.8761651309246542,1.0
UnbalanceTokyo_037.jpg,P2_YOLO_Det_Nano + SAM,0.8711301117832827,0.9047619047619048
MariaSamaNihaNaisyo_083.jpg,P1_YOLO_Nano,0.9126162569355725,1.0
MariaSamaNihaNaisyo_083.jpg,P2_YOLO_Det_Nano + SAM,0.9516169373988682,1.0
HinagikuKenzan_016.jpg,P1_YOLO_Nano,0.9502970714192225,1.0
HinagikuKenzan_016.jpg,P2_YOLO_Det_Nano + SAM,0.9774972282959489,1.0
TotteokiNoABC_032.jpg,P1_YOLO_Nano,0.76134762978179,0.8666666666666667
TotteokiNoABC_032.jpg,P2_YOLO_Det_Nano + SAM,0.8032675188443051,0.8666666666666667
LoveHina_vol01_080.jpg,P1_YOLO_Nano,0.8554005290399033,0.9333333333333333
LoveHina_vol01_080.jpg,P2_YOLO_Det_Nano + SAM,0.7654769956085865,0.8
Raphael_037.jpg,P1_YOLO_Nano,0.7640519538531314,0.8
Raphael_037.jpg,P2_YOLO_Det_Nano + SAM,0.7825679319316412,0.8
EienNoWith_035.jpg,P1_YOLO_Nano,0.9192066701694338,1.0
EienNoWith_035.jpg,P2_YOLO_Det_Nano + SAM,0.9603537882484942,1.0
Raphael_109.jpg,P1_YOLO_Nano,0.9301030831221339,1.0
Raphael_109.jpg,P2_YOLO_Det_Nano + SAM,0.9603478918334472,1.0
TapkunNoTanteisitsu_009.jpg,P1_YOLO_Nano,0.9371415876933931,1.0
TapkunNoTanteisitsu_009.jpg,P2_YOLO_Det_Nano + SAM,0.9723370093284603,1.0
ParaisoRoad_018.jpg,P1_YOLO_Nano,0.903697560084659,1.0
ParaisoRoad_018.jpg,P2_YOLO_Det_Nano + SAM,0.8222084571618432,0.8666666666666667
MadouTaiga_053.jpg,P1_YOLO_Nano,0.9463502770860299,1.0
MadouTaiga_053.jpg,P2_YOLO_Det_Nano + SAM,0.9586439015671228,1.0
MagicianLoad_017.jpg,P1_YOLO_Nano,0.9221221914190364,1.0
MagicianLoad_017.jpg,P2_YOLO_Det_Nano + SAM,0.9592842941158233,1.0
KuroidoGanka_042.jpg,P1_YOLO_Nano,0.9231407987547051,1.0
KuroidoGanka_042.jpg,P2_YOLO_Det_Nano + SAM,0.9076561622652114,0.9473684210526315
TouyouKidan_129.jpg,P1_YOLO_Nano,0.9046346123447847,1.0
TouyouKidan_129.jpg,P2_YOLO_Det_Nano + SAM,0.7898615370578891,0.8333333333333334
ShimatteIkouze_vol26_024.jpg,P1_YOLO_Nano,0.8656181032008028,0.9285714285714286
ShimatteIkouze_vol26_024.jpg,P2_YOLO_Det_Nano + SAM,0.8244447194895773,0.8571428571428571
PrismHeart_045.jpg,P1_YOLO_Nano,0.7262465749104471,0.8
PrismHeart_045.jpg,P2_YOLO_Det_Nano + SAM,0.7626273769072582,0.8
TaiyouNiSmash_029.jpg,P1_YOLO_Nano,0.9327509444625294,1.0
TaiyouNiSmash_029.jpg,P2_YOLO_Det_Nano + SAM,0.8553227978037489,0.8888888888888888
MiraiSan_081.jpg,P1_YOLO_Nano,0.9559731014932332,1.0
MiraiSan_081.jpg,P2_YOLO_Det_Nano + SAM,0.968188227476776,1.0
GinNoChimera_015.jpg,P1_YOLO_Nano,0.9435333574328604,1.0
GinNoChimera_015.jpg,P2_YOLO_Det_Nano + SAM,0.9696191640868038,1.0
KimiHaBokuNoTaiyouDa_021.jpg,P1_YOLO_Nano,0.9350443907464577,1.0
KimiHaBokuNoTaiyouDa_021.jpg,P2_YOLO_Det_Nano + SAM,0.8532090313949243,0.8888888888888888
TaiyouNiSmash_065.jpg,P1_YOLO_Nano,0.7554277233359186,0.8571428571428571
TaiyouNiSmash_065.jpg,P2_YOLO_Det_Nano + SAM,0.9165794079928332,1.0
MoeruOnisan_vol19_055.jpg,P1_YOLO_Nano,0.9411224727560105,1.0
MoeruOnisan_vol19_055.jpg,P2_YOLO_Det_Nano + SAM,0.9123747412904629,0.9411764705882353
PikaruGenkiDesu_066.jpg,P1_YOLO_Nano,0.7814896189557475,0.8571428571428571
PikaruGenkiDesu_066.jpg,P2_YOLO_Det_Nano + SAM,0.9334166723054845,1.0
KarappoHighschool_008.jpg,P1_YOLO_Nano,0.8371205802151693,1.0
KarappoHighschool_008.jpg,P2_YOLO_Det_Nano + SAM,0.670146305344938,0.75
Belmondo_057.jpg,P1_YOLO_Nano,0.9211030277807297,1.0
Belmondo_057.jpg,P2_YOLO_Det_Nano + SAM,0.95224450489911,1.0
JijiBabaFight_003.jpg,P1_YOLO_Nano,0.8957065055929303,0.9565217391304348
JijiBabaFight_003.jpg,P2_YOLO_Det_Nano + SAM,0.8853933094320261,0.9130434782608695
Ningyoushi_085.jpg,P1_YOLO_Nano,0.9079942421953126,1.0
Ningyoushi_085.jpg,P2_YOLO_Det_Nano + SAM,0.9245800641480971,1.0
UltraEleven_050.jpg,P1_YOLO_Nano,0.8790203130723439,1.0
UltraEleven_050.jpg,P2_YOLO_Det_Nano + SAM,0.7694848172784107,0.8235294117647058
YoumaKourin_037.jpg,P1_YOLO_Nano,0.879804882309863,1.0
YoumaKourin_037.jpg,P2_YOLO_Det_Nano + SAM,0.9024416594139082,1.0
TetsuSan_025.jpg,P1_YOLO_Nano,0.9361276996083577,1.0
TetsuSan_025.jpg,P2_YOLO_Det_Nano + SAM,0.9490601344689265,1.0
BurariTessenTorimonocho_085.jpg,P1_YOLO_Nano,0.8718691655613652,0.9444444444444444
BurariTessenTorimonocho_085.jpg,P2_YOLO_Det_Nano + SAM,0.9545808842940247,1.0
AppareKappore_035.jpg,P1_YOLO_Nano,0.8000013718236205,0.8947368421052632
AppareKappore_035.jpg,P2_YOLO_Det_Nano + SAM,0.7916842377906298,0.8421052631578947
KarappoHighschool_053.jpg,P1_YOLO_Nano,0.6956361811133378,0.75
KarappoHighschool_053.jpg,P2_YOLO_Det_Nano + SAM,0.9676398209585169,1.0
GinNoChimera_048.jpg,P1_YOLO_Nano,0.9520876872974214,1.0
GinNoChimera_048.jpg,P2_YOLO_Det_Nano + SAM,0.9761124088987211,1.0
MadouTaiga_057.jpg,P1_YOLO_Nano,0.8083248952758251,0.875
MadouTaiga_057.jpg,P2_YOLO_Det_Nano + SAM,0.9561516586776416,1.0
MagicianLoad_042.jpg,P1_YOLO_Nano,0.8995886044148731,1.0
MagicianLoad_042.jpg,P2_YOLO_Det_Nano + SAM,0.8900007925662252,0.9230769230769231
YasasiiAkuma_039.jpg,P1_YOLO_Nano,0.6963794460864389,0.8333333333333334
YasasiiAkuma_039.jpg,P2_YOLO_Det_Nano + SAM,0.9106082124110758,1.0
HighschoolKimengumi_vol20_003.jpg,P1_YOLO_Nano,0.9078414511095761,1.0
HighschoolKimengumi_vol20_003.jpg,P2_YOLO_Det_Nano + SAM,0.9533773028827115,1.0
UchuKigekiM774_009.jpg,P1_YOLO_Nano,0.9358014203876333,1.0
UchuKigekiM774_009.jpg,P2_YOLO_Det_Nano + SAM,0.9507505399062526,1.0
NichijouSoup_065.jpg,P1_YOLO_Nano,0.8476040229613137,0.9
NichijouSoup_065.jpg,P2_YOLO_Det_Nano + SAM,0.9705336618743253,1.0
SonokiDeABC_050.jpg,P1_YOLO_Nano,0.8309973827967808,0.9166666666666666
SonokiDeABC_050.jpg,P2_YOLO_Det_Nano + SAM,0.8018564525338374,0.8333333333333334
AisazuNihaIrarenai_010.jpg,P1_YOLO_Nano,0.9036570710075468,1.0
AisazuNihaIrarenai_010.jpg,P2_YOLO_Det_Nano + SAM,0.9287207769424436,1.0
LoveHina_vol01_027.jpg,P1_YOLO_Nano,0.8480422030507448,0.9444444444444444
LoveHina_vol01_027.jpg,P2_YOLO_Det_Nano + SAM,0.9387503209241798,1.0
Saisoku_075.jpg,P1_YOLO_Nano,0.6922049562955501,1.0
Saisoku_075.jpg,P2_YOLO_Det_Nano + SAM,0.7748378864902974,1.0
WarewareHaOniDearu_066.jpg,P1_YOLO_Nano,0.8753613930080635,1.0
WarewareHaOniDearu_066.jpg,P2_YOLO_Det_Nano + SAM,0.944056045209317,1.0
Raphael_033.jpg,P1_YOLO_Nano,0.9230544312115213,1.0
Raphael_033.jpg,P2_YOLO_Det_Nano + SAM,0.9629234381638532,1.0
EienNoWith_021.jpg,P1_YOLO_Nano,0.9275758957276684,1.0
EienNoWith_021.jpg,P2_YOLO_Det_Nano + SAM,0.9421404868756996,1.0
ShimatteIkouze_vol01_024.jpg,P1_YOLO_Nano,0.8572762817461975,0.9333333333333333
ShimatteIkouze_vol01_024.jpg,P2_YOLO_Det_Nano + SAM,0.8287843005409624,0.8666666666666667
YumeNoKayoiji_062.jpg,P1_YOLO_Nano,0.6033707840572676,0.6666666666666666
YumeNoKayoiji_062.jpg,P2_YOLO_Det_Nano + SAM,0.6394936177174175,0.6666666666666666
MariaSamaNihaNaisyo_024.jpg,P1_YOLO_Nano,0.8581640254833148,0.9583333333333334
MariaSamaNihaNaisyo_024.jpg,P2_YOLO_Det_Nano + SAM,0.8698909882406215,0.9166666666666666
RinToSiteSippuNoNaka_030.jpg,P1_YOLO_Nano,0.77455518400554,0.8333333333333334
RinToSiteSippuNoNaka_030.jpg,P2_YOLO_Det_Nano + SAM,0.951641446902324,1.0
ParaisoRoad_104.jpg,P1_YOLO_Nano,0.6933376786219747,0.8
ParaisoRoad_104.jpg,P2_YOLO_Det_Nano + SAM,0.5997596926030258,0.7
GOOD_KISS_Ver2_009.jpg,P1_YOLO_Nano,0.8785594026599653,0.9565217391304348
GOOD_KISS_Ver2_009.jpg,P2_YOLO_Det_Nano + SAM,0.9142361622757965,0.9565217391304348
GakuenNoise_004.jpg,P1_YOLO_Nano,0.8753456129221115,0.9444444444444444
GakuenNoise_004.jpg,P2_YOLO_Det_Nano + SAM,0.8968216256234418,0.9444444444444444
SaladDays_vol18_091.jpg,P1_YOLO_Nano,0.9306083939067019,1.0
SaladDays_vol18_091.jpg,P2_YOLO_Det_Nano + SAM,0.9611619983012955,1.0
HinagikuKenzan_038.jpg,P1_YOLO_Nano,0.9166736190948064,1.0
HinagikuKenzan_038.jpg,P2_YOLO_Det_Nano + SAM,0.9545141140518234,1.0
HaruichibanNoFukukoro_092.jpg,P1_YOLO_Nano,0.8165368431814467,0.9090909090909091
HaruichibanNoFukukoro_092.jpg,P2_YOLO_Det_Nano + SAM,0.9374107765073731,1.0
TetsuSan_037.jpg,P1_YOLO_Nano,0.8863998276657763,0.9615384615384616
TetsuSan_037.jpg,P2_YOLO_Det_Nano + SAM,0.9311547129308644,1.0
UchiNoNyan'sDiary_039.jpg,P1_YOLO_Nano,0.9364587119841827,1.0
UchiNoNyan'sDiary_039.jpg,P2_YOLO_Det_Nano + SAM,0.949602651838064,1.0
JangiriPonpon_071.jpg,P1_YOLO_Nano,0.9157642124393063,1.0
JangiriPonpon_071.jpg,P2_YOLO_Det_Nano + SAM,0.9363459055784483,1.0
MoeruOnisan_vol01_031.jpg,P1_YOLO_Nano,0.8246914322658176,0.9259259259259259
MoeruOnisan_vol01_031.jpg,P2_YOLO_Det_Nano + SAM,0.8707492382581266,0.9629629629629629
Hamlet_013.jpg,P1_YOLO_Nano,0.7872416663878923,0.8636363636363636
Hamlet_013.jpg,P2_YOLO_Det_Nano + SAM,0.9178212238493721,0.9545454545454546
HeiseiJimen_036.jpg,P1_YOLO_Nano,0.8867114416420501,1.0
HeiseiJimen_036.jpg,P2_YOLO_Det_Nano + SAM,0.5516116663477257,0.625
MariaSamaNihaNaisyo_029.jpg,P1_YOLO_Nano,0.9041820173152856,1.0
MariaSamaNihaNaisyo_029.jpg,P2_YOLO_Det_Nano + SAM,0.9466346921378358,1.0
MagicianLoad_064.jpg,P1_YOLO_Nano,0.8872161685364998,1.0
MagicianLoad_064.jpg,P2_YOLO_Det_Nano + SAM,0.9227839250499297,1.0
ToutaMairimasu_013.jpg,P1_YOLO_Nano,0.8702557437243222,1.0
ToutaMairimasu_013.jpg,P2_YOLO_Det_Nano + SAM,0.8197802629482996,0.9090909090909091
MemorySeijin_004.jpg,P1_YOLO_Nano,0.9119577532027908,1.0
MemorySeijin_004.jpg,P2_YOLO_Det_Nano + SAM,0.8951906019292075,0.9333333333333333
PrayerHaNemurenai_004.jpg,P1_YOLO_Nano,0.8284532059519822,1.0
PrayerHaNemurenai_004.jpg,P2_YOLO_Det_Nano + SAM,0.7462071094132048,0.8235294117647058
EverydayOsakanaChan_053.jpg,P1_YOLO_Nano,0.9088050085809002,1.0
EverydayOsakanaChan_053.jpg,P2_YOLO_Det_Nano + SAM,0.947460601117605,1.0
Ningyoushi_018.jpg,P1_YOLO_Nano,0.8009407200150973,0.875
Ningyoushi_018.jpg,P2_YOLO_Det_Nano + SAM,0.9511851992523782,1.0
JangiriPonpon_028.jpg,P1_YOLO_Nano,0.9083980378655999,1.0
JangiriPonpon_028.jpg,P2_YOLO_Det_Nano + SAM,0.9314281089279159,1.0
AkkeraKanjinchou_026.jpg,P1_YOLO_Nano,0.9459300229686777,1.0
AkkeraKanjinchou_026.jpg,P2_YOLO_Det_Nano + SAM,0.9712764474466472,1.0
HeiseiJimen_084.jpg,P1_YOLO_Nano,0.8972382484504273,1.0
HeiseiJimen_084.jpg,P2_YOLO_Det_Nano + SAM,0.9083981179752392,1.0
PLANET7_093.jpg,P1_YOLO_Nano,0.9241768444702464,1.0
PLANET7_093.jpg,P2_YOLO_Det_Nano + SAM,0.9319642994783675,1.0
AisazuNihaIrarenai_052.jpg,P1_YOLO_Nano,0.8680767410602787,0.9473684210526315
AisazuNihaIrarenai_052.jpg,P2_YOLO_Det_Nano + SAM,0.8932020296188562,0.9473684210526315
PsychoStaff_041.jpg,P1_YOLO_Nano,0.92158093100471,1.0
PsychoStaff_041.jpg,P2_YOLO_Det_Nano + SAM,0.9456372176676395,1.0
TasogareTsushin_014.jpg,P1_YOLO_Nano,0.5975908165004495,0.7
TasogareTsushin_014.jpg,P2_YOLO_Det_Nano + SAM,0.6510032556783969,0.7
Ningyoushi_029.jpg,P1_YOLO_Nano,0.907801230364388,1.0
Ningyoushi_029.jpg,P2_YOLO_Det_Nano + SAM,0.9416438078569197,1.0
Nekodama_002.jpg,P1_YOLO_Nano,0.9128393662452867,1.0
Nekodama_002.jpg,P2_YOLO_Det_Nano + SAM,0.9416836951712675,1.0
SaladDays_vol01_067.jpg,P1_YOLO_Nano,0.9706150101433916,1.0
SaladDays_vol01_067.jpg,P2_YOLO_Det_Nano + SAM,0.9748392664252892,1.0
NichijouSoup_037.jpg,P1_YOLO_Nano,0.9225421568514477,1.0
NichijouSoup_037.jpg,P2_YOLO_Det_Nano + SAM,0.8562348961642602,0.9
AkkeraKanjinchou_053.jpg,P1_YOLO_Nano,0.9157520664704834,1.0
AkkeraKanjinchou_053.jpg,P2_YOLO_Det_Nano + SAM,0.9557970816876243,1.0
KimiHaBokuNoTaiyouDa_092.jpg,P1_YOLO_Nano,0.9010290611790394,1.0
KimiHaBokuNoTaiyouDa_092.jpg,P2_YOLO_Det_Nano + SAM,0.9304624368887994,1.0
UchiNoNyan'sDiary_006.jpg,P1_YOLO_Nano,0.8253782105760377,0.9166666666666666
UchiNoNyan'sDiary_006.jpg,P2_YOLO_Det_Nano + SAM,0.920290628261196,1.0
Joouari_042.jpg,P1_YOLO_Nano,0.8293514277338561,0.9375
Joouari_042.jpg,P2_YOLO_Det_Nano + SAM,0.7825042656375858,0.875
Akuhamu_068.jpg,P1_YOLO_Nano,0.9028715532852966,0.9629629629629629
Akuhamu_068.jpg,P2_YOLO_Det_Nano + SAM,0.9274406792726505,0.9629629629629629
Raphael_056.jpg,P1_YOLO_Nano,0.9048040281705707,1.0
Raphael_056.jpg,P2_YOLO_Det_Nano + SAM,0.8976761660302959,0.9166666666666666
PsychoStaff_031.jpg,P1_YOLO_Nano,0.8749828248159013,0.9444444444444444
PsychoStaff_031.jpg,P2_YOLO_Det_Nano + SAM,0.8985278320047693,0.9444444444444444
PrayerHaNemurenai_049.jpg,P1_YOLO_Nano,0.8486347042021779,0.9444444444444444
PrayerHaNemurenai_049.jpg,P2_YOLO_Det_Nano + SAM,0.9380621309834206,1.0
BEMADER_P_099.jpg,P1_YOLO_Nano,0.790988302990613,0.9166666666666666
BEMADER_P_099.jpg,P2_YOLO_Det_Nano + SAM,0.6422250723737569,0.75
MAD_STONE_052.jpg,P1_YOLO_Nano,0.9250397126222626,1.0
MAD_STONE_052.jpg,P2_YOLO_Det_Nano + SAM,0.9495841667708214,1.0
BakuretsuKungFuGirl_047.jpg,P1_YOLO_Nano,0.7644792220132579,0.875
BakuretsuKungFuGirl_047.jpg,P2_YOLO_Det_Nano + SAM,0.7434005196770206,0.8125
PrayerHaNemurenai_059.jpg,P1_YOLO_Nano,0.8603458696564864,1.0
PrayerHaNemurenai_059.jpg,P2_YOLO_Det_Nano + SAM,0.8348596263268288,0.9285714285714286
UchiNoNyan'sDiary_046.jpg,P1_YOLO_Nano,0.9025638119801815,1.0
UchiNoNyan'sDiary_046.jpg,P2_YOLO_Det_Nano + SAM,0.8202525016075268,0.8888888888888888
UltraEleven_103.jpg,P1_YOLO_Nano,0.6211823461732597,0.75
UltraEleven_103.jpg,P2_YOLO_Det_Nano + SAM,0.7250961134754128,0.875
AisazuNihaIrarenai_023.jpg,P1_YOLO_Nano,0.939248311811568,1.0
AisazuNihaIrarenai_023.jpg,P2_YOLO_Det_Nano + SAM,0.9449230286237444,1.0
PsychoStaff_023.jpg,P1_YOLO_Nano,0.9493680838866468,1.0
PsychoStaff_023.jpg,P2_YOLO_Det_Nano + SAM,0.0,0.0
NichijouSoup_029.jpg,P1_YOLO_Nano,0.761468291867723,0.8666666666666667
NichijouSoup_029.jpg,P2_YOLO_Det_Nano + SAM,0.8527671607193695,0.9333333333333333
KarappoHighschool_003.jpg,P1_YOLO_Nano,0.85049774645233,1.0
KarappoHighschool_003.jpg,P2_YOLO_Det_Nano + SAM,0.8211380722527766,0.9
Joouari_050.jpg,P1_YOLO_Nano,0.9229502344587917,1.0
Joouari_050.jpg,P2_YOLO_Det_Nano + SAM,0.8752581340720602,0.9090909090909091
Jyovolley_032.jpg,P1_YOLO_Nano,0.9317739735455154,1.0
Jyovolley_032.jpg,P2_YOLO_Det_Nano + SAM,0.9634807799697346,1.0
MoeruOnisan_vol01_025.jpg,P1_YOLO_Nano,0.8998065056620482,1.0
MoeruOnisan_vol01_025.jpg,P2_YOLO_Det_Nano + SAM,0.8902330365113493,0.9473684210526315
ParaisoRoad_092.jpg,P1_YOLO_Nano,0.8287992088467814,0.9090909090909091
ParaisoRoad_092.jpg,P2_YOLO_Det_Nano + SAM,0.8631824209805263,0.9090909090909091
YoumaKourin_046.jpg,P1_YOLO_Nano,0.8225455953988577,0.9473684210526315
YoumaKourin_046.jpg,P2_YOLO_Det_Nano + SAM,0.7177844857360931,0.7894736842105263
Joouari_081.jpg,P1_YOLO_Nano,0.912079391735887,1.0
Joouari_081.jpg,P2_YOLO_Det_Nano + SAM,0.9589039867290161,1.0
MadouTaiga_030.jpg,P1_YOLO_Nano,0.8846145227556995,1.0
MadouTaiga_030.jpg,P2_YOLO_Det_Nano + SAM,0.8533116730150394,0.9166666666666666
MagicianLoad_003.jpg,P1_YOLO_Nano,0.9329778856808528,1.0
MagicianLoad_003.jpg,P2_YOLO_Det_Nano + SAM,0.9680576674395788,1.0
Belmondo_062.jpg,P1_YOLO_Nano,0.9203576326264706,1.0
Belmondo_062.jpg,P2_YOLO_Det_Nano + SAM,0.8548123523009454,0.9230769230769231
That'sIzumiko_053.jpg,P1_YOLO_Nano,0.9249157497870099,1.0
That'sIzumiko_053.jpg,P2_YOLO_Det_Nano + SAM,0.9496311340359487,1.0
EienNoWith_040.jpg,P1_YOLO_Nano,0.9145071781981997,1.0
EienNoWith_040.jpg,P2_YOLO_Det_Nano + SAM,0.9603566497010436,1.0
WarewareHaOniDearu_028.jpg,P1_YOLO_Nano,0.9481637473687184,1.0
WarewareHaOniDearu_028.jpg,P2_YOLO_Det_Nano + SAM,0.9749569861803599,1.0
YasasiiAkuma_029.jpg,P1_YOLO_Nano,0.8480746440160944,0.9473684210526315
YasasiiAkuma_029.jpg,P2_YOLO_Det_Nano + SAM,0.8177322745205311,0.8947368421052632
EverydayOsakanaChan_057.jpg,P1_YOLO_Nano,0.8338667438569389,0.9
EverydayOsakanaChan_057.jpg,P2_YOLO_Det_Nano + SAM,0.929832239986472,1.0
BokuHaSitatakaKun_022.jpg,P1_YOLO_Nano,0.8627216916421172,1.0
BokuHaSitatakaKun_022.jpg,P2_YOLO_Det_Nano + SAM,0.8939666319960098,1.0
ShimatteIkouze_vol26_069.jpg,P1_YOLO_Nano,0.8784427766172724,1.0
ShimatteIkouze_vol26_069.jpg,P2_YOLO_Det_Nano + SAM,0.8056828225228658,0.9166666666666666
AosugiruHaru_016.jpg,P1_YOLO_Nano,0.7902552580018748,0.9166666666666666
AosugiruHaru_016.jpg,P2_YOLO_Det_Nano + SAM,0.9190585643908631,1.0
EienNoWith_051.jpg,P1_YOLO_Nano,0.8953571537565879,1.0
EienNoWith_051.jpg,P2_YOLO_Det_Nano + SAM,0.8517416489001082,0.9
MagicianLoad_027.jpg,P1_YOLO_Nano,0.8256300280245024,0.875
MagicianLoad_027.jpg,P2_YOLO_Det_Nano + SAM,0.9636395406310964,1.0
ParaisoRoad_014.jpg,P1_YOLO_Nano,0.8062751703744279,0.8888888888888888
ParaisoRoad_014.jpg,P2_YOLO_Det_Nano + SAM,0.8748326923873173,0.9444444444444444
DualJustice_077.jpg,P1_YOLO_Nano,0.9493405062703015,1.0
DualJustice_077.jpg,P2_YOLO_Det_Nano + SAM,0.9772425931793781,1.0
GakuenNoise_086.jpg,P1_YOLO_Nano,0.9282544280380538,1.0
GakuenNoise_086.jpg,P2_YOLO_Det_Nano + SAM,0.959992068314127,1.0
UchuKigekiM774_081.jpg,P1_YOLO_Nano,0.8500214585323215,0.896551724137931
UchuKigekiM774_081.jpg,P2_YOLO_Det_Nano + SAM,0.8134079271440011,0.8620689655172413
UltraEleven_067.jpg,P1_YOLO_Nano,0.906540390425507,1.0
UltraEleven_067.jpg,P2_YOLO_Det_Nano + SAM,0.8474597901453267,0.9166666666666666
OL_Lunch_036.jpg,P1_YOLO_Nano,0.9351209593496655,1.0
OL_Lunch_036.jpg,P2_YOLO_Det_Nano + SAM,0.9561297496062806,1.0
HealingPlanet_066.jpg,P1_YOLO_Nano,0.9089001672326025,1.0
HealingPlanet_066.jpg,P2_YOLO_Det_Nano + SAM,0.9209241295298747,1.0
ByebyeC-BOY_019.jpg,P1_YOLO_Nano,0.8179063409661907,0.9090909090909091
ByebyeC-BOY_019.jpg,P2_YOLO_Det_Nano + SAM,0.8456052935477557,0.9090909090909091
UchuKigekiM774_034.jpg,P1_YOLO_Nano,0.8936654899699689,0.9615384615384616
UchuKigekiM774_034.jpg,P2_YOLO_Det_Nano + SAM,0.8521626171995086,0.9230769230769231
DollGun_083.jpg,P1_YOLO_Nano,0.6931769146953051,0.75
DollGun_083.jpg,P2_YOLO_Det_Nano + SAM,0.883874534439643,1.0
DualJustice_059.jpg,P1_YOLO_Nano,0.8451501295168373,0.9
DualJustice_059.jpg,P2_YOLO_Det_Nano + SAM,0.9674071935224079,1.0
Count3DeKimeteAgeru_087.jpg,P1_YOLO_Nano,0.8764712455427072,1.0
Count3DeKimeteAgeru_087.jpg,P2_YOLO_Det_Nano + SAM,0.86550711617622,0.9285714285714286
KoukouNoHitotachi_059.jpg,P1_YOLO_Nano,0.8031832628583081,0.8928571428571429
KoukouNoHitotachi_059.jpg,P2_YOLO_Det_Nano + SAM,0.8592210610156349,0.9285714285714286
PrismHeart_051.jpg,P1_YOLO_Nano,0.8602080211478226,0.9230769230769231
PrismHeart_051.jpg,P2_YOLO_Det_Nano + SAM,0.9602318350716076,1.0
MukoukizuNoChonbo_009.jpg,P1_YOLO_Nano,0.8771097366923972,1.0
MukoukizuNoChonbo_009.jpg,P2_YOLO_Det_Nano + SAM,0.809127902719469,0.8636363636363636
YumeNoKayoiji_037.jpg,P1_YOLO_Nano,0.8688390710230275,1.0
YumeNoKayoiji_037.jpg,P2_YOLO_Det_Nano + SAM,0.9027236971135031,1.0
KuroidoGanka_029.jpg,P1_YOLO_Nano,0.8321150853616986,0.9333333333333333
KuroidoGanka_029.jpg,P2_YOLO_Det_Nano + SAM,0.9054695635380678,1.0
NichijouSoup_071.jpg,P1_YOLO_Nano,0.9429690770444243,1.0
NichijouSoup_071.jpg,P2_YOLO_Det_Nano + SAM,0.9686907123914712,1.0
HinagikuKenzan_053.jpg,P1_YOLO_Nano,0.8996294109292021,1.0
HinagikuKenzan_053.jpg,P2_YOLO_Det_Nano + SAM,0.8832320016165972,1.0
AosugiruHaru_014.jpg,P1_YOLO_Nano,0.9281567208992829,1.0
AosugiruHaru_014.jpg,P2_YOLO_Det_Nano + SAM,0.9628944945018496,1.0
MagicianLoad_066.jpg,P1_YOLO_Nano,0.887259275849447,1.0
MagicianLoad_066.jpg,P2_YOLO_Det_Nano + SAM,0.9203383464194125,1.0
KuroidoGanka_057.jpg,P1_YOLO_Nano,0.8678615221210392,1.0
KuroidoGanka_057.jpg,P2_YOLO_Det_Nano + SAM,0.8117538358977097,0.8571428571428571
EverydayOsakanaChan_013.jpg,P1_YOLO_Nano,0.917667513445024,1.0
EverydayOsakanaChan_013.jpg,P2_YOLO_Det_Nano + SAM,0.9465816288760622,1.0
UchiNoNyan'sDiary_019.jpg,P1_YOLO_Nano,0.9192751795593616,1.0
UchiNoNyan'sDiary_019.jpg,P2_YOLO_Det_Nano + SAM,0.9604456906255803,1.0
UchuKigekiM774_029.jpg,P1_YOLO_Nano,0.8569995982021589,0.9166666666666666
UchuKigekiM774_029.jpg,P2_YOLO_Det_Nano + SAM,0.8643613475987135,0.9166666666666666
MariaSamaNihaNaisyo_033.jpg,P1_YOLO_Nano,0.876042409542519,1.0
MariaSamaNihaNaisyo_033.jpg,P2_YOLO_Det_Nano + SAM,0.9207779949833346,1.0
ReveryEarth_081.jpg,P1_YOLO_Nano,0.8174203252295618,0.9
ReveryEarth_081.jpg,P2_YOLO_Det_Nano + SAM,0.8274562362342619,0.9
GOOD_KISS_Ver2_067.jpg,P1_YOLO_Nano,0.9115221349129993,1.0
GOOD_KISS_Ver2_067.jpg,P2_YOLO_Det_Nano + SAM,0.4872433606837163,0.5
MagicianLoad_043.jpg,P1_YOLO_Nano,0.705185851518548,1.0
MagicianLoad_043.jpg,P2_YOLO_Det_Nano + SAM,0.8005897290325965,1.0
JijiBabaFight_068.jpg,P1_YOLO_Nano,0.9248747395304612,1.0
JijiBabaFight_068.jpg,P2_YOLO_Det_Nano + SAM,0.9635921729245472,1.0
ToutaMairimasu_075.jpg,P1_YOLO_Nano,0.7896536856227244,0.8333333333333334
ToutaMairimasu_075.jpg,P2_YOLO_Det_Nano + SAM,0.75505246162852,0.75
AosugiruHaru_022.jpg,P1_YOLO_Nano,0.9558149753335923,1.0
AosugiruHaru_022.jpg,P2_YOLO_Det_Nano + SAM,0.9710907900626784,1.0
Nekodama_095.jpg,P1_YOLO_Nano,0.9434065577693941,1.0
Nekodama_095.jpg,P2_YOLO_Det_Nano + SAM,0.9644367755580896,1.0
AisazuNihaIrarenai_032.jpg,P1_YOLO_Nano,0.8840948389928134,1.0
AisazuNihaIrarenai_032.jpg,P2_YOLO_Det_Nano + SAM,0.8822735842927699,0.9473684210526315
Joouari_091.jpg,P1_YOLO_Nano,0.7602717453534285,0.8888888888888888
Joouari_091.jpg,P2_YOLO_Det_Nano + SAM,0.8909256942994256,1.0
MukoukizuNoChonbo_029.jpg,P1_YOLO_Nano,0.0,0.0
MukoukizuNoChonbo_029.jpg,P2_YOLO_Det_Nano + SAM,0.0,0.0
ByebyeC-BOY_082.jpg,P1_YOLO_Nano,0.8713668818888736,1.0
ByebyeC-BOY_082.jpg,P2_YOLO_Det_Nano + SAM,0.8386595597469881,0.9230769230769231
Arisa_087.jpg,P1_YOLO_Nano,0.8755574314702327,0.9473684210526315
Arisa_087.jpg,P2_YOLO_Det_Nano + SAM,0.9602874835901529,1.0
UnbalanceTokyo_010.jpg,P1_YOLO_Nano,0.8538072733824246,1.0
UnbalanceTokyo_010.jpg,P2_YOLO_Det_Nano + SAM,0.8683552708797604,0.9333333333333333
UchuKigekiM774_070.jpg,P1_YOLO_Nano,0.8923899756659986,0.9444444444444444
UchuKigekiM774_070.jpg,P2_YOLO_Det_Nano + SAM,0.8064554725710994,0.8333333333333334
TsubasaNoKioku_085.jpg,P1_YOLO_Nano,0.8335433292017005,0.9230769230769231
TsubasaNoKioku_085.jpg,P2_YOLO_Det_Nano + SAM,0.9480095241157278,1.0
EvaLady_071.jpg,P1_YOLO_Nano,0.45829104940959775,0.5
EvaLady_071.jpg,P2_YOLO_Det_Nano + SAM,0.46703395121803115,0.5
SaladDays_vol18_044.jpg,P1_YOLO_Nano,0.850030980215606,0.9310344827586207
SaladDays_vol18_044.jpg,P2_YOLO_Det_Nano + SAM,0.9150613789826053,0.9655172413793104
WarewareHaOniDearu_034.jpg,P1_YOLO_Nano,0.8572927625770205,0.9166666666666666
WarewareHaOniDearu_034.jpg,P2_YOLO_Det_Nano + SAM,0.9666156914431284,1.0
HighschoolKimengumi_vol20_018.jpg,P1_YOLO_Nano,0.9074835993692162,1.0
HighschoolKimengumi_vol20_018.jpg,P2_YOLO_Det_Nano + SAM,0.917425857196595,0.9545454545454546
GakuenNoise_002.jpg,P1_YOLO_Nano,0.4724403293974919,0.5
GakuenNoise_002.jpg,P2_YOLO_Det_Nano + SAM,0.6411173373906145,0.6666666666666666
Nekodama_055.jpg,P1_YOLO_Nano,0.8699649054321835,1.0
Nekodama_055.jpg,P2_YOLO_Det_Nano + SAM,0.7380356533226129,0.8
HeiseiJimen_038.jpg,P1_YOLO_Nano,0.9238798079306921,1.0
HeiseiJimen_038.jpg,P2_YOLO_Det_Nano + SAM,0.9523499149050678,1.0
SamayoeruSyonenNiJunaiWo_015.jpg,P1_YOLO_Nano,0.7869467276135619,0.8333333333333334
SamayoeruSyonenNiJunaiWo_015.jpg,P2_YOLO_Det_Nano + SAM,0.9598195914254424,1.0
UltraEleven_019.jpg,P1_YOLO_Nano,0.901879414440738,1.0
UltraEleven_019.jpg,P2_YOLO_Det_Nano + SAM,0.9248783685799351,1.0
MagicStarGakuin_047.jpg,P1_YOLO_Nano,0.8119261527381292,0.9
MagicStarGakuin_047.jpg,P2_YOLO_Det_Nano + SAM,0.7357990556206254,0.8
ShimatteIkouze_vol26_044.jpg,P1_YOLO_Nano,0.8294074541717831,0.9230769230769231
ShimatteIkouze_vol26_044.jpg,P2_YOLO_Det_Nano + SAM,0.8625905083278044,0.9230769230769231
Akuhamu_037.jpg,P1_YOLO_Nano,0.800960138081381,0.8666666666666667
Akuhamu_037.jpg,P2_YOLO_Det_Nano + SAM,0.8612835914813054,0.8666666666666667
TotteokiNoABC_006.jpg,P1_YOLO_Nano,0.6138680586122403,0.75
TotteokiNoABC_006.jpg,P2_YOLO_Det_Nano + SAM,0.7433865538246522,0.875
MagicianLoad_059.jpg,P1_YOLO_Nano,0.9190326093976422,1.0
MagicianLoad_059.jpg,P2_YOLO_Det_Nano + SAM,0.8238157989942767,0.8571428571428571
MutekiBoukenSyakuma_072.jpg,P1_YOLO_Nano,0.8054065325135213,0.9523809523809523
MutekiBoukenSyakuma_072.jpg,P2_YOLO_Det_Nano + SAM,0.8075487967615841,0.9047619047619048
Saisoku_055.jpg,P1_YOLO_Nano,0.7559630844862275,0.8333333333333334
Saisoku_055.jpg,P2_YOLO_Det_Nano + SAM,0.9009635422035296,0.9444444444444444
HarukaRefrain_073.jpg,P1_YOLO_Nano,0.0,0.0
HarukaRefrain_073.jpg,P2_YOLO_Det_Nano + SAM,0.0,0.0
SamayoeruSyonenNiJunaiWo_064.jpg,P1_YOLO_Nano,0.9479363881565388,1.0
SamayoeruSyonenNiJunaiWo_064.jpg,P2_YOLO_Det_Nano + SAM,0.8854715970253255,0.9090909090909091
Raphael_045.jpg,P1_YOLO_Nano,0.9418540940555783,1.0
Raphael_045.jpg,P2_YOLO_Det_Nano + SAM,0.9672095871810291,1.0
AosugiruHaru_076.jpg,P1_YOLO_Nano,0.4255533109247513,0.5714285714285714
AosugiruHaru_076.jpg,P2_YOLO_Det_Nano + SAM,0.6130478602534947,0.7142857142857143
KuroidoGanka_028.jpg,P1_YOLO_Nano,0.9256298940918416,1.0
KuroidoGanka_028.jpg,P2_YOLO_Det_Nano + SAM,0.931565425976638,1.0
HarukaRefrain_087.jpg,P1_YOLO_Nano,0.9230693041165704,1.0
HarukaRefrain_087.jpg,P2_YOLO_Det_Nano + SAM,0.9193773874339811,1.0
HighschoolKimengumi_vol01_028.jpg,P1_YOLO_Nano,0.9308685994928816,1.0
HighschoolKimengumi_vol01_028.jpg,P2_YOLO_Det_Nano + SAM,0.9584711600839315,1.0
EienNoWith_037.jpg,P1_YOLO_Nano,0.8534789920075385,1.0
EienNoWith_037.jpg,P2_YOLO_Det_Nano + SAM,0.8558267224372595,1.0
RinToSiteSippuNoNaka_046.jpg,P1_YOLO_Nano,0.9180648273652974,1.0
RinToSiteSippuNoNaka_046.jpg,P2_YOLO_Det_Nano + SAM,0.9300793575592498,1.0
JijiBabaFight_059.jpg,P1_YOLO_Nano,0.9215280266189905,1.0
JijiBabaFight_059.jpg,P2_YOLO_Det_Nano + SAM,0.9563746727456465,1.0
MisutenaideDaisy_089.jpg,P1_YOLO_Nano,0.7044449115813735,0.8571428571428571
MisutenaideDaisy_089.jpg,P2_YOLO_Det_Nano + SAM,0.6176854364208225,0.7142857142857143
MayaNoAkaiKutsu_060.jpg,P1_YOLO_Nano,0.6634234005833343,0.8571428571428571
MayaNoAkaiKutsu_060.jpg,P2_YOLO_Det_Nano + SAM,0.7669026861372047,0.8571428571428571
AosugiruHaru_018.jpg,P1_YOLO_Nano,0.8542232399500649,0.9375
AosugiruHaru_018.jpg,P2_YOLO_Det_Nano + SAM,0.9366239249842693,1.0
Hamlet_034.jpg,P1_YOLO_Nano,0.8787009568021701,1.0
Hamlet_034.jpg,P2_YOLO_Det_Nano + SAM,0.8719878559222952,0.9545454545454546
ParaisoRoad_050.jpg,P1_YOLO_Nano,0.8666207772691913,0.9285714285714286
ParaisoRoad_050.jpg,P2_YOLO_Det_Nano + SAM,0.8939472325589545,0.9285714285714286
TetsuSan_005.jpg,P1_YOLO_Nano,0.8107782336497298,0.875
TetsuSan_005.jpg,P2_YOLO_Det_Nano + SAM,0.9137574658546623,0.96875
LoveHina_vol14_093.jpg,P1_YOLO_Nano,0.46187000395178035,0.5
LoveHina_vol14_093.jpg,P2_YOLO_Det_Nano + SAM,0.4638709500851248,0.5
HinagikuKenzan_042.jpg,P1_YOLO_Nano,0.9336970461953055,1.0
HinagikuKenzan_042.jpg,P2_YOLO_Det_Nano + SAM,0.9727581254016053,1.0
HanzaiKousyouninMinegishiEitarou_003.jpg,P1_YOLO_Nano,0.909490637645661,1.0
HanzaiKousyouninMinegishiEitarou_003.jpg,P2_YOLO_Det_Nano + SAM,0.9522135682808086,1.0
SamayoeruSyonenNiJunaiWo_075.jpg,P1_YOLO_Nano,0.924754811316705,1.0
SamayoeruSyonenNiJunaiWo_075.jpg,P2_YOLO_Det_Nano + SAM,0.9490583437991863,1.0
Donburakokko_082.jpg,P1_YOLO_Nano,0.7134193173640978,0.75
Donburakokko_082.jpg,P2_YOLO_Det_Nano + SAM,0.7499551633735508,0.75
TasogareTsushin_017.jpg,P1_YOLO_Nano,0.9271402264346305,1.0
TasogareTsushin_017.jpg,P2_YOLO_Det_Nano + SAM,0.7518829891751111,0.7777777777777778
OhWareraRettouSeitokai_023.jpg,P1_YOLO_Nano,0.8974394436381465,0.9411764705882353
OhWareraRettouSeitokai_023.jpg,P2_YOLO_Det_Nano + SAM,0.9073274896280825,0.9411764705882353
Count3DeKimeteAgeru_088.jpg,P1_YOLO_Nano,0.7512747162086771,0.8333333333333334
Count3DeKimeteAgeru_088.jpg,P2_YOLO_Det_Nano + SAM,0.9158038350292421,1.0
TensiNoHaneToAkumaNoShippo_027.jpg,P1_YOLO_Nano,0.8233308333357586,0.9047619047619048
TensiNoHaneToAkumaNoShippo_027.jpg,P2_YOLO_Det_Nano + SAM,0.8617397614750514,0.9047619047619048
MoeruOnisan_vol01_019.jpg,P1_YOLO_Nano,0.8981302407177149,1.0
MoeruOnisan_vol01_019.jpg,P2_YOLO_Det_Nano + SAM,0.8790979429510717,0.9230769230769231
GOOD_KISS_Ver2_028.jpg,P1_YOLO_Nano,0.9313394592953131,1.0
GOOD_KISS_Ver2_028.jpg,P2_YOLO_Det_Nano + SAM,0.9671397344063825,1.0
TotteokiNoABC_021.jpg,P1_YOLO_Nano,0.6422548173953506,0.75
TotteokiNoABC_021.jpg,P2_YOLO_Det_Nano + SAM,0.6798396732875555,0.75
Jyovolley_034.jpg,P1_YOLO_Nano,0.8800681405343431,1.0
Jyovolley_034.jpg,P2_YOLO_Det_Nano + SAM,0.940594558977326,1.0
RisingGirl_005.jpg,P1_YOLO_Nano,0.938174303714088,1.0
RisingGirl_005.jpg,P2_YOLO_Det_Nano + SAM,0.9681731800642736,1.0
TsubasaNoKioku_031.jpg,P1_YOLO_Nano,0.9176479447997633,1.0
TsubasaNoKioku_031.jpg,P2_YOLO_Det_Nano + SAM,0.7418771342045185,0.7777777777777778
ParaisoRoad_083.jpg,P1_YOLO_Nano,0.9286010188917685,1.0
ParaisoRoad_083.jpg,P2_YOLO_Det_Nano + SAM,0.9390991492437077,1.0
TouyouKidan_109.jpg,P1_YOLO_Nano,0.7683053725623988,0.8333333333333334
TouyouKidan_109.jpg,P2_YOLO_Det_Nano + SAM,0.7938733337862477,0.8333333333333334
TaiyouNiSmash_071.jpg,P1_YOLO_Nano,0.8232338851658635,0.8888888888888888
TaiyouNiSmash_071.jpg,P2_YOLO_Det_Nano + SAM,0.9223816743796674,1.0
EvaLady_094.jpg,P1_YOLO_Nano,0.9138219772778495,1.0
EvaLady_094.jpg,P2_YOLO_Det_Nano + SAM,0.9508649049165407,1.0
MoeruOnisan_vol01_037.jpg,P1_YOLO_Nano,0.9197695905874305,1.0
MoeruOnisan_vol01_037.jpg,P2_YOLO_Det_Nano + SAM,0.9062063187415623,0.9629629629629629
GOOD_KISS_Ver2_085.jpg,P1_YOLO_Nano,0.9211737216270725,1.0
GOOD_KISS_Ver2_085.jpg,P2_YOLO_Det_Nano + SAM,0.960141931883205,1.0
MariaSamaNihaNaisyo_026.jpg,P1_YOLO_Nano,0.9232882221843413,1.0
MariaSamaNihaNaisyo_026.jpg,P2_YOLO_Det_Nano + SAM,0.9479617009278622,1.0
SonokiDeABC_032.jpg,P1_YOLO_Nano,0.7838290576103537,0.8571428571428571
SonokiDeABC_032.jpg,P2_YOLO_Det_Nano + SAM,0.8116825245907461,0.8571428571428571
UltraEleven_081.jpg,P1_YOLO_Nano,0.7543395298787617,0.8333333333333334
UltraEleven_081.jpg,P2_YOLO_Det_Nano + SAM,0.7779456461600464,0.8333333333333334
SaladDays_vol01_039.jpg,P1_YOLO_Nano,0.9028997119306047,1.0
SaladDays_vol01_039.jpg,P2_YOLO_Det_Nano + SAM,0.7728251359887217,0.8333333333333334
That'sIzumiko_073.jpg,P1_YOLO_Nano,0.890579895294891,1.0
That'sIzumiko_073.jpg,P2_YOLO_Det_Nano + SAM,0.8279319880122185,0.9
EvaLady_086.jpg,P1_YOLO_Nano,0.9557979322414075,1.0
EvaLady_086.jpg,P2_YOLO_Det_Nano + SAM,0.979786279946752,1.0
YukiNoFuruMachi_032.jpg,P1_YOLO_Nano,0.8903514801978586,1.0
YukiNoFuruMachi_032.jpg,P2_YOLO_Det_Nano + SAM,0.8870217923391582,0.9444444444444444
TasogareTsushin_088.jpg,P1_YOLO_Nano,0.7779591927688403,0.8666666666666667
TasogareTsushin_088.jpg,P2_YOLO_Det_Nano + SAM,0.935660600579081,1.0
UchuKigekiM774_024.jpg,P1_YOLO_Nano,0.9273505387351038,1.0
UchuKigekiM774_024.jpg,P2_YOLO_Det_Nano + SAM,0.7779771074453186,0.8125
TaiyouNiSmash_037.jpg,P1_YOLO_Nano,0.9194747559237939,1.0
TaiyouNiSmash_037.jpg,P2_YOLO_Det_Nano + SAM,0.9419608105592796,1.0
Hamlet_146.jpg,P1_YOLO_Nano,0.9305612788845762,1.0
Hamlet_146.jpg,P2_YOLO_Det_Nano + SAM,0.9210226476817441,0.95
ShimatteIkouze_vol01_061.jpg,P1_YOLO_Nano,0.8962610061788373,0.9583333333333334
ShimatteIkouze_vol01_061.jpg,P2_YOLO_Det_Nano + SAM,0.928768713252861,0.9583333333333334
BEMADER_P_053.jpg,P1_YOLO_Nano,0.911025848276427,1.0
BEMADER_P_053.jpg,P2_YOLO_Det_Nano + SAM,0.8923022247798489,0.95
ShimatteIkouze_vol26_101.jpg,P1_YOLO_Nano,0.8004538127384496,0.9
ShimatteIkouze_vol26_101.jpg,P2_YOLO_Det_Nano + SAM,0.7003701926341794,0.8
Arisa_044.jpg,P1_YOLO_Nano,0.9008046717003527,1.0
Arisa_044.jpg,P2_YOLO_Det_Nano + SAM,0.9447759373490018,1.0
HeiseiJimen_013.jpg,P1_YOLO_Nano,0.6968525902293105,0.7777777777777778
HeiseiJimen_013.jpg,P2_YOLO_Det_Nano + SAM,0.5983340934188214,0.6666666666666666
KimiHaBokuNoTaiyouDa_058.jpg,P1_YOLO_Nano,0.9260402802013918,1.0
KimiHaBokuNoTaiyouDa_058.jpg,P2_YOLO_Det_Nano + SAM,0.8883819204086739,0.9230769230769231
KarappoHighschool_029.jpg,P1_YOLO_Nano,0.8998098354350361,1.0
KarappoHighschool_029.jpg,P2_YOLO_Det_Nano + SAM,0.745185705809212,0.8
Hamlet_026.jpg,P1_YOLO_Nano,0.8493529327989646,0.9375
Hamlet_026.jpg,P2_YOLO_Det_Nano + SAM,0.8376428012670857,0.875
MoeruOnisan_vol01_085.jpg,P1_YOLO_Nano,0.8865609654381807,0.9615384615384616
MoeruOnisan_vol01_085.jpg,P2_YOLO_Det_Nano + SAM,0.9548720195275904,1.0
That'sIzumiko_100.jpg,P1_YOLO_Nano,0.8321319324077681,0.9444444444444444
That'sIzumiko_100.jpg,P2_YOLO_Det_Nano + SAM,0.9187879957598771,1.0
SeisinkiVulnus_059.jpg,P1_YOLO_Nano,0.7942754641448018,0.8571428571428571
SeisinkiVulnus_059.jpg,P2_YOLO_Det_Nano + SAM,0.9615107083540602,1.0
YasasiiAkuma_056.jpg,P1_YOLO_Nano,0.912256262676882,0.9375
YasasiiAkuma_056.jpg,P2_YOLO_Det_Nano + SAM,0.9710900026780703,1.0
KarappoHighschool_014.jpg,P1_YOLO_Nano,0.7567485574050173,0.8571428571428571
KarappoHighschool_014.jpg,P2_YOLO_Det_Nano + SAM,0.526019087387423,0.5714285714285714
MAD_STONE_013.jpg,P1_YOLO_Nano,0.9480970441563853,1.0
MAD_STONE_013.jpg,P2_YOLO_Det_Nano + SAM,0.979926843278483,1.0
JijiBabaFight_055.jpg,P1_YOLO_Nano,0.914032772725777,1.0
JijiBabaFight_055.jpg,P2_YOLO_Det_Nano + SAM,0.8322593464357669,0.875
GakuenNoise_017.jpg,P1_YOLO_Nano,0.6607260412321669,0.7272727272727273
GakuenNoise_017.jpg,P2_YOLO_Det_Nano + SAM,0.6531718094897019,0.7272727272727273
LoveHina_vol01_053.jpg,P1_YOLO_Nano,0.76639147111491,0.8695652173913043
LoveHina_vol01_053.jpg,P2_YOLO_Det_Nano + SAM,0.922107900607446,1.0
TasogareTsushin_060.jpg,P1_YOLO_Nano,0.9347310027359297,1.0
TasogareTsushin_060.jpg,P2_YOLO_Det_Nano + SAM,0.8618366207667482,0.9
HisokaReturns_057.jpg,P1_YOLO_Nano,0.8302941348058845,1.0
HisokaReturns_057.jpg,P2_YOLO_Det_Nano + SAM,0.8902165276702281,1.0
KarappoHighschool_082.jpg,P1_YOLO_Nano,0.9291081608515224,1.0
KarappoHighschool_082.jpg,P2_YOLO_Det_Nano + SAM,0.9545869505002521,1.0
AppareKappore_010.jpg,P1_YOLO_Nano,0.8316201710561487,0.9285714285714286
AppareKappore_010.jpg,P2_YOLO_Det_Nano + SAM,0.868687525632283,0.9285714285714286
PikaruGenkiDesu_013.jpg,P1_YOLO_Nano,0.7594256481797039,0.8
PikaruGenkiDesu_013.jpg,P2_YOLO_Det_Nano + SAM,0.8038806223340568,0.8
MemorySeijin_018.jpg,P1_YOLO_Nano,0.8950252760678891,1.0
MemorySeijin_018.jpg,P2_YOLO_Det_Nano + SAM,0.9522530884840754,1.0
PrayerHaNemurenai_082.jpg,P1_YOLO_Nano,0.8702407136630622,1.0
PrayerHaNemurenai_082.jpg,P2_YOLO_Det_Nano + SAM,0.8843766665842365,1.0
Ningyoushi_057.jpg,P1_YOLO_Nano,0.8068188084388219,0.875
Ningyoushi_057.jpg,P2_YOLO_Det_Nano + SAM,0.9048524643943332,0.9375
YukiNoFuruMachi_063.jpg,P1_YOLO_Nano,0.9402356723138435,1.0
YukiNoFuruMachi_063.jpg,P2_YOLO_Det_Nano + SAM,0.9720171847812675,1.0
KarappoHighschool_034.jpg,P1_YOLO_Nano,0.6194914624233392,0.6666666666666666
KarappoHighschool_034.jpg,P2_YOLO_Det_Nano + SAM,0.6451086580242388,0.6666666666666666
PsychoStaff_004.jpg,P1_YOLO_Nano,0.7671799243805956,0.8461538461538461
PsychoStaff_004.jpg,P2_YOLO_Det_Nano + SAM,0.8686919911495733,0.9230769230769231
SonokiDeABC_011.jpg,P1_YOLO_Nano,0.7132547138602698,0.8
SonokiDeABC_011.jpg,P2_YOLO_Det_Nano + SAM,0.9308985159240446,1.0
GOOD_KISS_Ver2_059.jpg,P1_YOLO_Nano,0.9166644821732564,1.0
GOOD_KISS_Ver2_059.jpg,P2_YOLO_Det_Nano + SAM,0.9506657392472981,1.0
OhWareraRettouSeitokai_049.jpg,P1_YOLO_Nano,0.7947289975298745,0.9285714285714286
OhWareraRettouSeitokai_049.jpg,P2_YOLO_Det_Nano + SAM,0.7738288259048341,0.8571428571428571
HealingPlanet_047.jpg,P1_YOLO_Nano,0.9408873281341192,1.0
HealingPlanet_047.jpg,P2_YOLO_Det_Nano + SAM,0.9727778796464851,1.0
Saisoku_068.jpg,P1_YOLO_Nano,0.6264916234713834,0.7857142857142857
Saisoku_068.jpg,P2_YOLO_Det_Nano + SAM,0.5592746142480932,0.6428571428571429
KoukouNoHitotachi_027.jpg,P1_YOLO_Nano,0.8786136388893802,0.9615384615384616
KoukouNoHitotachi_027.jpg,P2_YOLO_Det_Nano + SAM,0.8293026844931635,0.8846153846153846
MoeruOnisan_vol01_073.jpg,P1_YOLO_Nano,0.9235138676769149,1.0
MoeruOnisan_vol01_073.jpg,P2_YOLO_Det_Nano + SAM,0.9561726865539922,1.0
Jyovolley_046.jpg,P1_YOLO_Nano,0.8481449444990998,1.0
Jyovolley_046.jpg,P2_YOLO_Det_Nano + SAM,0.6231042917171662,0.6666666666666666
SaladDays_vol01_090.jpg,P1_YOLO_Nano,0.9368346965863051,1.0
SaladDays_vol01_090.jpg,P2_YOLO_Det_Nano + SAM,0.9618206220850721,1.0
Nekodama_033.jpg,P1_YOLO_Nano,0.9170119615720148,1.0
Nekodama_033.jpg,P2_YOLO_Det_Nano + SAM,0.9624423445827474,1.0
ReveryEarth_013.jpg,P1_YOLO_Nano,0.9356993987524417,1.0
ReveryEarth_013.jpg,P2_YOLO_Det_Nano + SAM,0.9557320574310819,1.0
TaiyouNiSmash_006.jpg,P1_YOLO_Nano,0.818787714233661,0.8333333333333334
TaiyouNiSmash_006.jpg,P2_YOLO_Det_Nano + SAM,0.8399562105372776,0.8333333333333334
ShimatteIkouze_vol01_021.jpg,P1_YOLO_Nano,0.8628998005002979,1.0
ShimatteIkouze_vol01_021.jpg,P2_YOLO_Det_Nano + SAM,0.8525708334307935,1.0
SaladDays_vol18_061.jpg,P1_YOLO_Nano,0.8873905523873908,0.9473684210526315
SaladDays_vol18_061.jpg,P2_YOLO_Det_Nano + SAM,0.9615092567785951,1.0
MeteoSanStrikeDesu_047.jpg,P1_YOLO_Nano,0.9016536190225997,1.0
MeteoSanStrikeDesu_047.jpg,P2_YOLO_Det_Nano + SAM,0.8039696709896881,0.875
MutekiBoukenSyakuma_019.jpg,P1_YOLO_Nano,0.8469880528053754,1.0
MutekiBoukenSyakuma_019.jpg,P2_YOLO_Det_Nano + SAM,0.6086688734903893,0.7
AisazuNihaIrarenai_043.jpg,P1_YOLO_Nano,0.7841562072949978,0.8571428571428571
AisazuNihaIrarenai_043.jpg,P2_YOLO_Det_Nano + SAM,0.8900391828588086,0.9523809523809523
MayaNoAkaiKutsu_032.jpg,P1_YOLO_Nano,0.6595304975474647,1.0
MayaNoAkaiKutsu_032.jpg,P2_YOLO_Det_Nano + SAM,0.3484876186404327,0.5
LoveHina_vol01_019.jpg,P1_YOLO_Nano,0.7897994982250495,0.9166666666666666
LoveHina_vol01_019.jpg,P2_YOLO_Det_Nano + SAM,0.6691938275449595,0.75
SaladDays_vol01_018.jpg,P1_YOLO_Nano,0.8227580444732626,0.9090909090909091
SaladDays_vol01_018.jpg,P2_YOLO_Det_Nano + SAM,0.7654136623351184,0.8181818181818182
Jyovolley_003.jpg,P1_YOLO_Nano,0.9226499374957916,1.0
Jyovolley_003.jpg,P2_YOLO_Det_Nano + SAM,0.9632040516299576,1.0
HighschoolKimengumi_vol20_045.jpg,P1_YOLO_Nano,0.8566181653147259,0.9285714285714286
HighschoolKimengumi_vol20_045.jpg,P2_YOLO_Det_Nano + SAM,0.9539719675165743,1.0
Joouari_014.jpg,P1_YOLO_Nano,0.5631875213216102,0.625
Joouari_014.jpg,P2_YOLO_Det_Nano + SAM,0.7865589870929286,0.875
TouyouKidan_089.jpg,P1_YOLO_Nano,0.9024612160295842,1.0
TouyouKidan_089.jpg,P2_YOLO_Det_Nano + SAM,0.9398020983655957,1.0
Arisa_013.jpg,P1_YOLO_Nano,0.8915687721484863,1.0
Arisa_013.jpg,P2_YOLO_Det_Nano + SAM,0.9341045608967301,1.0
That'sIzumiko_124.jpg,P1_YOLO_Nano,0.7314330343008332,0.8181818181818182
That'sIzumiko_124.jpg,P2_YOLO_Det_Nano + SAM,0.9278544672669301,1.0
GOOD_KISS_Ver2_014.jpg,P1_YOLO_Nano,0.8825644837956181,1.0
GOOD_KISS_Ver2_014.jpg,P2_YOLO_Det_Nano + SAM,0.8268231530719334,0.875
PrismHeart_059.jpg,P1_YOLO_Nano,0.6629190497388728,0.7272727272727273
PrismHeart_059.jpg,P2_YOLO_Det_Nano + SAM,0.7794560646713219,0.8181818181818182
ReveryEarth_039.jpg,P1_YOLO_Nano,0.9546550035017364,1.0
ReveryEarth_039.jpg,P2_YOLO_Det_Nano + SAM,0.9782610005239439,1.0
AisazuNihaIrarenai_075.jpg,P1_YOLO_Nano,0.907401060886254,1.0
AisazuNihaIrarenai_075.jpg,P2_YOLO_Det_Nano + SAM,0.8943910970103383,0.9411764705882353
BEMADER_P_093.jpg,P1_YOLO_Nano,0.5684145659701273,0.75
BEMADER_P_093.jpg,P2_YOLO_Det_Nano + SAM,0.5468621945745563,0.6666666666666666
MisutenaideDaisy_047.jpg,P1_YOLO_Nano,0.8465457284784605,0.9473684210526315
MisutenaideDaisy_047.jpg,P2_YOLO_Det_Nano + SAM,0.8804431654234399,0.9473684210526315
That'sIzumiko_052.jpg,P1_YOLO_Nano,0.5003411263020813,0.5555555555555556
That'sIzumiko_052.jpg,P2_YOLO_Det_Nano + SAM,0.5296692430100273,0.5555555555555556
UchuKigekiM774_006.jpg,P1_YOLO_Nano,0.9387459326253649,1.0
UchuKigekiM774_006.jpg,P2_YOLO_Det_Nano + SAM,0.8262895137841604,0.8571428571428571
LoveHina_vol01_055.jpg,P1_YOLO_Nano,0.7843927423153463,0.88
LoveHina_vol01_055.jpg,P2_YOLO_Det_Nano + SAM,0.8702331775998577,0.96
KuroidoGanka_048.jpg,P1_YOLO_Nano,0.9190926361801609,1.0
KuroidoGanka_048.jpg,P2_YOLO_Det_Nano + SAM,0.9563062447074931,1.0
LoveHina_vol14_090.jpg,P1_YOLO_Nano,0.8977863497400532,1.0
LoveHina_vol14_090.jpg,P2_YOLO_Det_Nano + SAM,0.9509592711010632,1.0
KimiHaBokuNoTaiyouDa_008.jpg,P1_YOLO_Nano,0.8917473299397131,0.95
KimiHaBokuNoTaiyouDa_008.jpg,P2_YOLO_Det_Nano + SAM,0.9540215307690574,1.0
HeiseiJimen_016.jpg,P1_YOLO_Nano,0.9329720510452946,1.0
HeiseiJimen_016.jpg,P2_YOLO_Det_Nano + SAM,0.9505711562516066,1.0
ByebyeC-BOY_087.jpg,P1_YOLO_Nano,0.7714940953276679,0.8846153846153846
ByebyeC-BOY_087.jpg,P2_YOLO_Det_Nano + SAM,0.7615407371147309,0.8846153846153846
SeisinkiVulnus_017.jpg,P1_YOLO_Nano,0.7424632841674789,0.8571428571428571
SeisinkiVulnus_017.jpg,P2_YOLO_Det_Nano + SAM,0.5791284110869475,0.6428571428571429
EvaLady_043.jpg,P1_YOLO_Nano,0.7969666850599719,0.9090909090909091
EvaLady_043.jpg,P2_YOLO_Det_Nano + SAM,0.762783726504585,0.8181818181818182
Jyovolley_067.jpg,P1_YOLO_Nano,0.8681469729603709,0.9473684210526315
Jyovolley_067.jpg,P2_YOLO_Det_Nano + SAM,0.8623513703844147,0.8947368421052632
AppareKappore_008.jpg,P1_YOLO_Nano,0.9148660777366474,1.0
AppareKappore_008.jpg,P2_YOLO_Det_Nano + SAM,0.8724224820403355,0.9166666666666666
MagicianLoad_019.jpg,P1_YOLO_Nano,0.8440602948671333,0.9230769230769231
MagicianLoad_019.jpg,P2_YOLO_Det_Nano + SAM,0.9586730904957536,1.0
MagicStarGakuin_014.jpg,P1_YOLO_Nano,0.728322139696599,0.7894736842105263
MagicStarGakuin_014.jpg,P2_YOLO_Det_Nano + SAM,0.8074854283847825,0.8421052631578947
NichijouSoup_006.jpg,P1_YOLO_Nano,0.8801908543716491,0.9444444444444444
NichijouSoup_006.jpg,P2_YOLO_Det_Nano + SAM,0.8095147806747582,0.8888888888888888
KarappoHighschool_009.jpg,P1_YOLO_Nano,0.7115293952489593,0.8125
KarappoHighschool_009.jpg,P2_YOLO_Det_Nano + SAM,0.7538641190774367,0.8125
NichijouSoup_021.jpg,P1_YOLO_Nano,0.9457194157087473,1.0
NichijouSoup_021.jpg,P2_YOLO_Det_Nano + SAM,0.9692437786390684,1.0
BokuHaSitatakaKun_085.jpg,P1_YOLO_Nano,0.9271367425725271,1.0
BokuHaSitatakaKun_085.jpg,P2_YOLO_Det_Nano + SAM,0.9599651584849295,1.0
KuroidoGanka_044.jpg,P1_YOLO_Nano,0.9106016603005221,1.0
KuroidoGanka_044.jpg,P2_YOLO_Det_Nano + SAM,0.8059263365106486,0.8333333333333334
MagicianLoad_018.jpg,P1_YOLO_Nano,0.9312738500252047,1.0
MagicianLoad_018.jpg,P2_YOLO_Det_Nano + SAM,0.9654912638815507,1.0
OL_Lunch_035.jpg,P1_YOLO_Nano,0.9173370916586832,1.0
OL_Lunch_035.jpg,P2_YOLO_Det_Nano + SAM,0.9375764174936109,1.0
EienNoWith_018.jpg,P1_YOLO_Nano,0.8008947321488137,1.0
EienNoWith_018.jpg,P2_YOLO_Det_Nano + SAM,0.0,0.0
AisazuNihaIrarenai_004.jpg,P1_YOLO_Nano,0.8854070064279922,1.0
AisazuNihaIrarenai_004.jpg,P2_YOLO_Det_Nano + SAM,0.7715210421145361,0.8235294117647058
TouyouKidan_041.jpg,P1_YOLO_Nano,0.9256598364076596,1.0
TouyouKidan_041.jpg,P2_YOLO_Det_Nano + SAM,0.9550281139018771,1.0
MutekiBoukenSyakuma_088.jpg,P1_YOLO_Nano,0.8885841742632247,1.0
MutekiBoukenSyakuma_088.jpg,P2_YOLO_Det_Nano + SAM,0.7144620159262084,0.8
That'sIzumiko_082.jpg,P1_YOLO_Nano,0.9639268829022636,1.0
That'sIzumiko_082.jpg,P2_YOLO_Det_Nano + SAM,0.9611607896598086,1.0
SyabondamaKieta_022.jpg,P1_YOLO_Nano,0.9120856384564241,1.0
SyabondamaKieta_022.jpg,P2_YOLO_Det_Nano + SAM,0.9506600165877698,1.0
HighschoolKimengumi_vol01_093.jpg,P1_YOLO_Nano,0.8286821319223241,0.9230769230769231
HighschoolKimengumi_vol01_093.jpg,P2_YOLO_Det_Nano + SAM,0.8613525344428437,0.9230769230769231
Count3DeKimeteAgeru_083.jpg,P1_YOLO_Nano,0.8545946607168513,0.9473684210526315
Count3DeKimeteAgeru_083.jpg,P2_YOLO_Det_Nano + SAM,0.8364442022251222,0.8947368421052632
MagicStarGakuin_069.jpg,P1_YOLO_Nano,0.87596222985601,1.0
MagicStarGakuin_069.jpg,P2_YOLO_Det_Nano + SAM,0.8801347111463523,0.9411764705882353
YukiNoFuruMachi_067.jpg,P1_YOLO_Nano,0.9364670601905509,1.0
YukiNoFuruMachi_067.jpg,P2_YOLO_Det_Nano + SAM,0.8513245472430484,0.875
MariaSamaNihaNaisyo_005.jpg,P1_YOLO_Nano,0.8490718398849109,0.9565217391304348
MariaSamaNihaNaisyo_005.jpg,P2_YOLO_Det_Nano + SAM,0.8895251429586988,0.9565217391304348
UchiNoNyan'sDiary_066.jpg,P1_YOLO_Nano,0.9159288680702212,1.0
UchiNoNyan'sDiary_066.jpg,P2_YOLO_Det_Nano + SAM,0.9498927983705281,1.0
BokuHaSitatakaKun_052.jpg,P1_YOLO_Nano,0.8158054578394328,0.92
BokuHaSitatakaKun_052.jpg,P2_YOLO_Det_Nano + SAM,0.7920101974278164,0.84
Hamlet_165.jpg,P1_YOLO_Nano,0.8679091855804728,1.0
Hamlet_165.jpg,P2_YOLO_Det_Nano + SAM,0.8399534607841421,0.9
KuroidoGanka_081.jpg,P1_YOLO_Nano,0.8569457573288244,0.9230769230769231
KuroidoGanka_081.jpg,P2_YOLO_Det_Nano + SAM,0.8561154697396594,0.8461538461538461
MadouTaiga_021.jpg,P1_YOLO_Nano,0.9276164600382465,1.0
MadouTaiga_021.jpg,P2_YOLO_Det_Nano + SAM,0.9668140781335379,1.0
HeiseiJimen_050.jpg,P1_YOLO_Nano,0.9445751547853481,1.0
HeiseiJimen_050.jpg,P2_YOLO_Det_Nano + SAM,0.9563647634285811,1.0
HeiseiJimen_058.jpg,P1_YOLO_Nano,0.7699253753549871,0.9
HeiseiJimen_058.jpg,P2_YOLO_Det_Nano + SAM,0.774068707867068,0.9
ToutaMairimasu_048.jpg,P1_YOLO_Nano,0.8811270170802747,1.0
ToutaMairimasu_048.jpg,P2_YOLO_Det_Nano + SAM,0.8930532292728152,1.0
KarappoHighschool_051.jpg,P1_YOLO_Nano,0.8829815840863233,1.0
KarappoHighschool_051.jpg,P2_YOLO_Det_Nano + SAM,0.8329761181420116,0.8888888888888888
TouyouKidan_112.jpg,P1_YOLO_Nano,0.8219650380852559,1.0
TouyouKidan_112.jpg,P2_YOLO_Det_Nano + SAM,0.8850188736788667,1.0
MayaNoAkaiKutsu_057.jpg,P1_YOLO_Nano,0.9348657332602675,1.0
MayaNoAkaiKutsu_057.jpg,P2_YOLO_Det_Nano + SAM,0.8388640791117437,0.875
ParaisoRoad_093.jpg,P1_YOLO_Nano,0.8004698487278694,1.0
ParaisoRoad_093.jpg,P2_YOLO_Det_Nano + SAM,0.8930751320875282,1.0
MeteoSanStrikeDesu_029.jpg,P1_YOLO_Nano,0.640331816015124,0.6666666666666666
MeteoSanStrikeDesu_029.jpg,P2_YOLO_Det_Nano + SAM,0.3285710226946715,0.3333333333333333
PLANET7_039.jpg,P1_YOLO_Nano,0.8347023206684187,0.9375
PLANET7_039.jpg,P2_YOLO_Det_Nano + SAM,0.7879802776943307,0.875
MoeruOnisan_vol01_041.jpg,P1_YOLO_Nano,0.8924997087492215,0.9444444444444444
MoeruOnisan_vol01_041.jpg,P2_YOLO_Det_Nano + SAM,0.8280807002553291,0.8888888888888888
YamatoNoHane_083.jpg,P1_YOLO_Nano,0.9165650018260205,1.0
YamatoNoHane_083.jpg,P2_YOLO_Det_Nano + SAM,0.9136398907012453,1.0
EverydayOsakanaChan_051.jpg,P1_YOLO_Nano,0.8348236502177432,0.9333333333333333
EverydayOsakanaChan_051.jpg,P2_YOLO_Det_Nano + SAM,0.9365825652616648,1.0
MAD_STONE_053.jpg,P1_YOLO_Nano,0.9451184113654438,1.0
MAD_STONE_053.jpg,P2_YOLO_Det_Nano + SAM,0.9739919502687343,1.0
SonokiDeABC_023.jpg,P1_YOLO_Nano,0.9064004467151288,1.0
SonokiDeABC_023.jpg,P2_YOLO_Det_Nano + SAM,0.9458111272391667,1.0
ToutaMairimasu_091.jpg,P1_YOLO_Nano,0.8818252049916214,1.0
ToutaMairimasu_091.jpg,P2_YOLO_Det_Nano + SAM,0.8548092992480046,0.9444444444444444
MeteoSanStrikeDesu_035.jpg,P1_YOLO_Nano,0.9369194236640396,1.0
MeteoSanStrikeDesu_035.jpg,P2_YOLO_Det_Nano + SAM,0.9607108646639867,1.0
YumeNoKayoiji_042.jpg,P1_YOLO_Nano,0.9315582381947675,1.0
YumeNoKayoiji_042.jpg,P2_YOLO_Det_Nano + SAM,0.9725650114616422,1.0
TaiyouNiSmash_033.jpg,P1_YOLO_Nano,0.936098794845429,1.0
TaiyouNiSmash_033.jpg,P2_YOLO_Det_Nano + SAM,0.8573103743380768,0.8888888888888888
Raphael_054.jpg,P1_YOLO_Nano,0.8231622193695277,0.9230769230769231
Raphael_054.jpg,P2_YOLO_Det_Nano + SAM,0.9115791527681272,0.9230769230769231
KimiHaBokuNoTaiyouDa_009.jpg,P1_YOLO_Nano,0.8411779670844888,0.9375
KimiHaBokuNoTaiyouDa_009.jpg,P2_YOLO_Det_Nano + SAM,0.7670185669806756,0.8125
HarukaRefrain_031.jpg,P1_YOLO_Nano,0.8468981263775893,1.0
HarukaRefrain_031.jpg,P2_YOLO_Det_Nano + SAM,0.9283073600066448,1.0
MariaSamaNihaNaisyo_084.jpg,P1_YOLO_Nano,0.9424887195465551,1.0
MariaSamaNihaNaisyo_084.jpg,P2_YOLO_Det_Nano + SAM,0.9671383783694238,1.0
HeiseiJimen_103.jpg,P1_YOLO_Nano,0.9022236386570801,1.0
HeiseiJimen_103.jpg,P2_YOLO_Det_Nano + SAM,0.9635789010835495,1.0
PLANET7_027.jpg,P1_YOLO_Nano,0.9201726587993692,1.0
PLANET7_027.jpg,P2_YOLO_Det_Nano + SAM,0.9498338558605265,1.0
AosugiruHaru_041.jpg,P1_YOLO_Nano,0.9049582769463116,1.0
AosugiruHaru_041.jpg,P2_YOLO_Det_Nano + SAM,0.8254400089264071,0.875
AppareKappore_023.jpg,P1_YOLO_Nano,0.8622510074628101,0.95
AppareKappore_023.jpg,P2_YOLO_Det_Nano + SAM,0.8553523203496074,0.9
MisutenaideDaisy_098.jpg,P1_YOLO_Nano,0.7389925558669793,0.875
MisutenaideDaisy_098.jpg,P2_YOLO_Det_Nano + SAM,0.6467574175998894,0.75
BEMADER_P_100.jpg,P1_YOLO_Nano,0.5809891351587221,0.6923076923076923
BEMADER_P_100.jpg,P2_YOLO_Det_Nano + SAM,0.5211148135011425,0.6153846153846154
SaladDays_vol01_025.jpg,P1_YOLO_Nano,0.8901167548060251,1.0
SaladDays_vol01_025.jpg,P2_YOLO_Det_Nano + SAM,0.8399199462617595,0.8888888888888888
ARMS_077.jpg,P1_YOLO_Nano,0.8901732564237905,1.0
ARMS_077.jpg,P2_YOLO_Det_Nano + SAM,0.957141257974019,1.0
AisazuNihaIrarenai_069.jpg,P1_YOLO_Nano,0.8768738661769303,0.95
AisazuNihaIrarenai_069.jpg,P2_YOLO_Det_Nano + SAM,0.9568158921827564,1.0
OhWareraRettouSeitokai_083.jpg,P1_YOLO_Nano,0.8573643566678235,1.0
OhWareraRettouSeitokai_083.jpg,P2_YOLO_Det_Nano + SAM,0.8270086992783103,0.9090909090909091
GarakutayaManta_040.jpg,P1_YOLO_Nano,0.8932987056165157,1.0
GarakutayaManta_040.jpg,P2_YOLO_Det_Nano + SAM,0.8434131060841459,0.9130434782608695
PrismHeart_007.jpg,P1_YOLO_Nano,0.7480815373128772,0.8333333333333334
PrismHeart_007.jpg,P2_YOLO_Det_Nano + SAM,0.7807498234341326,0.8333333333333334
SaladDays_vol01_040.jpg,P1_YOLO_Nano,0.8309825199995605,0.9090909090909091
SaladDays_vol01_040.jpg,P2_YOLO_Det_Nano + SAM,0.9152805058328221,0.9545454545454546
HighschoolKimengumi_vol01_049.jpg,P1_YOLO_Nano,0.8082356489259287,0.875
HighschoolKimengumi_vol01_049.jpg,P2_YOLO_Det_Nano + SAM,0.7074119094757076,0.75
GarakutayaManta_099.jpg,P1_YOLO_Nano,0.8181044637219969,0.8888888888888888
GarakutayaManta_099.jpg,P2_YOLO_Det_Nano + SAM,0.9244477095079476,1.0
That'sIzumiko_023.jpg,P1_YOLO_Nano,0.908436818775095,1.0
That'sIzumiko_023.jpg,P2_YOLO_Det_Nano + SAM,0.9331922407286459,1.0
YoumaKourin_044.jpg,P1_YOLO_Nano,0.0,0.0
YoumaKourin_044.jpg,P2_YOLO_Det_Nano + SAM,0.0,0.0
MutekiBoukenSyakuma_053.jpg,P1_YOLO_Nano,0.9074031578442202,1.0
MutekiBoukenSyakuma_053.jpg,P2_YOLO_Det_Nano + SAM,0.8004014215661239,0.8636363636363636
KuroidoGanka_017.jpg,P1_YOLO_Nano,0.8702987602669358,0.9411764705882353
KuroidoGanka_017.jpg,P2_YOLO_Det_Nano + SAM,0.9566068711467652,1.0
NichijouSoup_056.jpg,P1_YOLO_Nano,0.9419415476511155,1.0
NichijouSoup_056.jpg,P2_YOLO_Det_Nano + SAM,0.9576669128548801,1.0
AppareKappore_048.jpg,P1_YOLO_Nano,0.8987415824053706,1.0
AppareKappore_048.jpg,P2_YOLO_Det_Nano + SAM,0.9432718244733982,1.0
HarukaRefrain_013.jpg,P1_YOLO_Nano,0.9032269831382265,1.0
HarukaRefrain_013.jpg,P2_YOLO_Det_Nano + SAM,0.9345074257239562,1.0
ShimatteIkouze_vol26_081.jpg,P1_YOLO_Nano,0.9090123321016759,1.0
ShimatteIkouze_vol26_081.jpg,P2_YOLO_Det_Nano + SAM,0.8485105114956001,0.9375
TotteokiNoABC_082.jpg,P1_YOLO_Nano,0.8180386097837717,0.9285714285714286
TotteokiNoABC_082.jpg,P2_YOLO_Det_Nano + SAM,0.7759885950180724,0.8571428571428571
EienNoWith_115.jpg,P1_YOLO_Nano,0.9327713147478025,1.0
EienNoWith_115.jpg,P2_YOLO_Det_Nano + SAM,0.9666572699857917,1.0
AisazuNihaIrarenai_048.jpg,P1_YOLO_Nano,0.9111000325930299,1.0
AisazuNihaIrarenai_048.jpg,P2_YOLO_Det_Nano + SAM,0.9430647973902962,1.0
LancelotFullThrottle_004.jpg,P1_YOLO_Nano,0.9088630835766165,1.0
LancelotFullThrottle_004.jpg,P2_YOLO_Det_Nano + SAM,0.888086167262036,0.9411764705882353
MayaNoAkaiKutsu_027.jpg,P1_YOLO_Nano,0.9008341461403114,0.9166666666666666
MayaNoAkaiKutsu_027.jpg,P2_YOLO_Det_Nano + SAM,0.9184286956643873,1.0
ARMS_043.jpg,P1_YOLO_Nano,0.8852834197195145,1.0
ARMS_043.jpg,P2_YOLO_Det_Nano + SAM,0.9415731571938575,1.0
MagicStarGakuin_038.jpg,P1_YOLO_Nano,0.8602837844488147,0.9375
MagicStarGakuin_038.jpg,P2_YOLO_Det_Nano + SAM,0.8899733187051133,0.9375
PsychoStaff_026.jpg,P1_YOLO_Nano,0.945445098238967,1.0
PsychoStaff_026.jpg,P2_YOLO_Det_Nano + SAM,0.9705076083670808,1.0
KarappoHighschool_043.jpg,P1_YOLO_Nano,0.7832918125564408,0.9090909090909091
KarappoHighschool_043.jpg,P2_YOLO_Det_Nano + SAM,0.8135148922589508,0.9090909090909091
HealingPlanet_084.jpg,P1_YOLO_Nano,0.9017695214352581,1.0
HealingPlanet_084.jpg,P2_YOLO_Det_Nano + SAM,0.9524476943208887,1.0
DollGun_051.jpg,P1_YOLO_Nano,0.873104141272858,0.9230769230769231
DollGun_051.jpg,P2_YOLO_Det_Nano + SAM,0.8911835702992063,1.0
HinagikuKenzan_031.jpg,P1_YOLO_Nano,0.9394147422382789,1.0
HinagikuKenzan_031.jpg,P2_YOLO_Det_Nano + SAM,0.9589210733104779,1.0
PrismHeart_003.jpg,P1_YOLO_Nano,0.9131725311015185,1.0
PrismHeart_003.jpg,P2_YOLO_Det_Nano + SAM,0.8663805781271482,0.9090909090909091
MagicStarGakuin_044.jpg,P1_YOLO_Nano,0.8940008704462216,1.0
MagicStarGakuin_044.jpg,P2_YOLO_Det_Nano + SAM,0.8439220813978153,0.8947368421052632
Ningyoushi_060.jpg,P1_YOLO_Nano,0.9103116526708072,1.0
Ningyoushi_060.jpg,P2_YOLO_Det_Nano + SAM,0.9647307210052745,1.0
ReveryEarth_089.jpg,P1_YOLO_Nano,0.9230503043704905,1.0
ReveryEarth_089.jpg,P2_YOLO_Det_Nano + SAM,0.9454758961338691,1.0
Nekodama_036.jpg,P1_YOLO_Nano,0.9253166541046413,1.0
Nekodama_036.jpg,P2_YOLO_Det_Nano + SAM,0.9571569190655431,1.0
GakuenNoise_065.jpg,P1_YOLO_Nano,0.9365441798508539,1.0
GakuenNoise_065.jpg,P2_YOLO_Det_Nano + SAM,0.8556376627947836,0.8823529411764706
OhWareraRettouSeitokai_088.jpg,P1_YOLO_Nano,0.8185571446062523,0.9473684210526315
OhWareraRettouSeitokai_088.jpg,P2_YOLO_Det_Nano + SAM,0.8675631062857609,0.9473684210526315
PikaruGenkiDesu_021.jpg,P1_YOLO_Nano,0.9312363145040016,1.0
PikaruGenkiDesu_021.jpg,P2_YOLO_Det_Nano + SAM,0.8435779304878634,0.875
HealingPlanet_032.jpg,P1_YOLO_Nano,0.7810762151119058,0.9090909090909091
HealingPlanet_032.jpg,P2_YOLO_Det_Nano + SAM,0.8999661066016301,1.0
LoveHina_vol14_001.jpg,P1_YOLO_Nano,0.8268704118490952,0.9090909090909091
LoveHina_vol14_001.jpg,P2_YOLO_Det_Nano + SAM,0.8681794705218131,0.9090909090909091
KuroidoGanka_060.jpg,P1_YOLO_Nano,0.8984566362231585,1.0
KuroidoGanka_060.jpg,P2_YOLO_Det_Nano + SAM,0.8775153304312664,0.9411764705882353
MariaSamaNihaNaisyo_013.jpg,P1_YOLO_Nano,0.9250987439047307,1.0
MariaSamaNihaNaisyo_013.jpg,P2_YOLO_Det_Nano + SAM,0.9211995413984452,0.95
Arisa_040.jpg,P1_YOLO_Nano,0.7267004705044341,0.8333333333333334
Arisa_040.jpg,P2_YOLO_Det_Nano + SAM,0.7773364229645164,0.8333333333333334
ByebyeC-BOY_074.jpg,P1_YOLO_Nano,0.910960981832617,1.0
ByebyeC-BOY_074.jpg,P2_YOLO_Det_Nano + SAM,0.9324017265183746,1.0
That'sIzumiko_065.jpg,P1_YOLO_Nano,0.881054923966527,1.0
That'sIzumiko_065.jpg,P2_YOLO_Det_Nano + SAM,0.8435859392973802,0.9230769230769231
BEMADER_P_023.jpg,P1_YOLO_Nano,0.8160598008919666,0.9375
BEMADER_P_023.jpg,P2_YOLO_Det_Nano + SAM,0.8658880292571283,0.9375
SeisinkiVulnus_065.jpg,P1_YOLO_Nano,0.9309291655509327,1.0
SeisinkiVulnus_065.jpg,P2_YOLO_Det_Nano + SAM,0.9614257449620212,1.0
HealingPlanet_026.jpg,P1_YOLO_Nano,0.8978443637959561,1.0
HealingPlanet_026.jpg,P2_YOLO_Det_Nano + SAM,0.9277669476551726,1.0
MiraiSan_044.jpg,P1_YOLO_Nano,0.9134453801336653,1.0
MiraiSan_044.jpg,P2_YOLO_Det_Nano + SAM,0.9104328528076447,0.9583333333333334
Saisoku_036.jpg,P1_YOLO_Nano,0.8491657263815163,1.0
Saisoku_036.jpg,P2_YOLO_Det_Nano + SAM,0.7220453227803569,0.8235294117647058
YouchienBoueigumi_007.jpg,P1_YOLO_Nano,0.8604367336450484,0.9473684210526315
YouchienBoueigumi_007.jpg,P2_YOLO_Det_Nano + SAM,0.8534760916470551,0.8947368421052632
HealingPlanet_053.jpg,P1_YOLO_Nano,0.940391175841027,1.0
HealingPlanet_053.jpg,P2_YOLO_Det_Nano + SAM,0.976706855900321,1.0
GinNoChimera_013.jpg,P1_YOLO_Nano,0.9453268161553319,1.0
GinNoChimera_013.jpg,P2_YOLO_Det_Nano + SAM,0.9671792978290888,1.0
YumeNoKayoiji_093.jpg,P1_YOLO_Nano,0.7267651280297844,0.75
YumeNoKayoiji_093.jpg,P2_YOLO_Det_Nano + SAM,0.8828270959207907,1.0
MayaNoAkaiKutsu_015.jpg,P1_YOLO_Nano,0.5735964982591178,0.6666666666666666
MayaNoAkaiKutsu_015.jpg,P2_YOLO_Det_Nano + SAM,0.5840146370651526,0.6666666666666666
HanzaiKousyouninMinegishiEitarou_043.jpg,P1_YOLO_Nano,0.8267363128087523,0.9166666666666666
HanzaiKousyouninMinegishiEitarou_043.jpg,P2_YOLO_Det_Nano + SAM,0.9289366935491766,1.0
DualJustice_081.jpg,P1_YOLO_Nano,0.9414092916141202,1.0
DualJustice_081.jpg,P2_YOLO_Det_Nano + SAM,0.9640735566431138,1.0
BEMADER_P_007.jpg,P1_YOLO_Nano,0.7848608309575051,0.8888888888888888
BEMADER_P_007.jpg,P2_YOLO_Det_Nano + SAM,0.6410187266593973,0.7222222222222222
Belmondo_031.jpg,P1_YOLO_Nano,0.8714586447936719,0.9411764705882353
Belmondo_031.jpg,P2_YOLO_Det_Nano + SAM,0.9324806649791011,1.0
EvaLady_065.jpg,P1_YOLO_Nano,0.761054126977181,0.875
EvaLady_065.jpg,P2_YOLO_Det_Nano + SAM,0.4737119454035473,0.5
Count3DeKimeteAgeru_037.jpg,P1_YOLO_Nano,0.8235374574305071,0.9
Count3DeKimeteAgeru_037.jpg,P2_YOLO_Det_Nano + SAM,0.8597946641211388,0.9
YasasiiAkuma_077.jpg,P1_YOLO_Nano,0.7282760839039831,0.7647058823529411
YasasiiAkuma_077.jpg,P2_YOLO_Det_Nano + SAM,0.7988207985346296,0.8235294117647058
HarukaRefrain_065.jpg,P1_YOLO_Nano,0.8904062277959662,1.0
HarukaRefrain_065.jpg,P2_YOLO_Det_Nano + SAM,0.7105725191358141,0.75
ByebyeC-BOY_060.jpg,P1_YOLO_Nano,0.8288461181131401,0.9411764705882353
ByebyeC-BOY_060.jpg,P2_YOLO_Det_Nano + SAM,0.9219279269690066,1.0
SaladDays_vol01_005.jpg,P1_YOLO_Nano,0.8096527411749832,0.8666666666666667
SaladDays_vol01_005.jpg,P2_YOLO_Det_Nano + SAM,0.9518248403444907,1.0
KoukouNoHitotachi_061.jpg,P1_YOLO_Nano,0.8792499260275638,0.9642857142857143
KoukouNoHitotachi_061.jpg,P2_YOLO_Det_Nano + SAM,0.9123211424896889,0.9642857142857143
TapkunNoTanteisitsu_059.jpg,P1_YOLO_Nano,0.917133487300268,1.0
TapkunNoTanteisitsu_059.jpg,P2_YOLO_Det_Nano + SAM,0.9554419267555364,1.0
EienNoWith_048.jpg,P1_YOLO_Nano,0.8586394117728869,0.9375
EienNoWith_048.jpg,P2_YOLO_Det_Nano + SAM,0.9592570850645795,1.0
MeteoSanStrikeDesu_070.jpg,P1_YOLO_Nano,0.774298566678296,0.8181818181818182
MeteoSanStrikeDesu_070.jpg,P2_YOLO_Det_Nano + SAM,0.9717868600027902,1.0
Arisa_024.jpg,P1_YOLO_Nano,0.8590227037499316,0.9444444444444444
Arisa_024.jpg,P2_YOLO_Det_Nano + SAM,0.9495667482180031,1.0
NichijouSoup_057.jpg,P1_YOLO_Nano,0.7672434073641548,0.8
NichijouSoup_057.jpg,P2_YOLO_Det_Nano + SAM,0.9581480286329251,1.0
NichijouSoup_044.jpg,P1_YOLO_Nano,0.8799030862064098,0.9666666666666667
NichijouSoup_044.jpg,P2_YOLO_Det_Nano + SAM,0.890056981382543,0.9333333333333333
JangiriPonpon_019.jpg,P1_YOLO_Nano,0.9137916049470586,1.0
JangiriPonpon_019.jpg,P2_YOLO_Det_Nano + SAM,0.9394722727963778,1.0
EvaLady_077.jpg,P1_YOLO_Nano,0.8113603778155689,0.9090909090909091
EvaLady_077.jpg,P2_YOLO_Det_Nano + SAM,0.8712606209713546,0.9090909090909091
DualJustice_020.jpg,P1_YOLO_Nano,0.9239716455433395,1.0
DualJustice_020.jpg,P2_YOLO_Det_Nano + SAM,0.9500648003203098,1.0
That'sIzumiko_079.jpg,P1_YOLO_Nano,0.9177731486956927,1.0
That'sIzumiko_079.jpg,P2_YOLO_Det_Nano + SAM,0.8714060222970922,0.9090909090909091
ByebyeC-BOY_028.jpg,P1_YOLO_Nano,0.8201260429479753,0.9285714285714286
ByebyeC-BOY_028.jpg,P2_YOLO_Det_Nano + SAM,0.8506528697827873,0.9285714285714286
TouyouKidan_099.jpg,P1_YOLO_Nano,0.8321528961148565,1.0
TouyouKidan_099.jpg,P2_YOLO_Det_Nano + SAM,0.8152893453908081,0.9
JangiriPonpon_012.jpg,P1_YOLO_Nano,0.9277805194136346,1.0
JangiriPonpon_012.jpg,P2_YOLO_Det_Nano + SAM,0.8114375204746306,0.8333333333333334
HeiseiJimen_059.jpg,P1_YOLO_Nano,0.7447444131532812,0.8571428571428571
HeiseiJimen_059.jpg,P2_YOLO_Det_Nano + SAM,0.6488669857956496,0.7142857142857143
Nekodama_100.jpg,P1_YOLO_Nano,0.8991775812601158,1.0
Nekodama_100.jpg,P2_YOLO_Det_Nano + SAM,0.920419043877925,1.0
YumeNoKayoiji_063.jpg,P1_YOLO_Nano,0.9147725938332991,1.0
YumeNoKayoiji_063.jpg,P2_YOLO_Det_Nano + SAM,0.9469445387158457,1.0
ToutaMairimasu_043.jpg,P1_YOLO_Nano,0.8655387989962604,1.0
ToutaMairimasu_043.jpg,P2_YOLO_Det_Nano + SAM,0.8152794418809474,0.8888888888888888
YumeNoKayoiji_013.jpg,P1_YOLO_Nano,0.9060524033468162,1.0
YumeNoKayoiji_013.jpg,P2_YOLO_Det_Nano + SAM,0.9340694672009935,1.0
GOOD_KISS_Ver2_041.jpg,P1_YOLO_Nano,0.8344199600641975,0.9333333333333333
GOOD_KISS_Ver2_041.jpg,P2_YOLO_Det_Nano + SAM,0.9265475966075062,1.0
HealingPlanet_091.jpg,P1_YOLO_Nano,0.9368881514582612,1.0
HealingPlanet_091.jpg,P2_YOLO_Det_Nano + SAM,0.9621177159452898,1.0
AisazuNihaIrarenai_062.jpg,P1_YOLO_Nano,0.8763245890673991,1.0
AisazuNihaIrarenai_062.jpg,P2_YOLO_Det_Nano + SAM,0.8034867591509022,0.8571428571428571
EvaLady_074.jpg,P1_YOLO_Nano,0.723526289597542,0.8
EvaLady_074.jpg,P2_YOLO_Det_Nano + SAM,0.6704262379617202,0.75
YasasiiAkuma_012.jpg,P1_YOLO_Nano,0.857334027198859,0.95
YasasiiAkuma_012.jpg,P2_YOLO_Det_Nano + SAM,0.8847318296350475,0.95
WarewareHaOniDearu_036.jpg,P1_YOLO_Nano,0.6921212174143373,0.7777777777777778
WarewareHaOniDearu_036.jpg,P2_YOLO_Det_Nano + SAM,0.9478374019882094,1.0
SaladDays_vol01_076.jpg,P1_YOLO_Nano,0.9174479044135812,1.0
SaladDays_vol01_076.jpg,P2_YOLO_Det_Nano + SAM,0.8676735465703724,0.9090909090909091
GOOD_KISS_Ver2_039.jpg,P1_YOLO_Nano,0.874573376454733,0.9375
GOOD_KISS_Ver2_039.jpg,P2_YOLO_Det_Nano + SAM,0.944782385346228,1.0
MutekiBoukenSyakuma_086.jpg,P1_YOLO_Nano,0.9088537710098604,1.0
MutekiBoukenSyakuma_086.jpg,P2_YOLO_Det_Nano + SAM,0.5300456455145808,0.6
ShimatteIkouze_vol01_095.jpg,P1_YOLO_Nano,0.935229626333252,1.0
ShimatteIkouze_vol01_095.jpg,P2_YOLO_Det_Nano + SAM,0.8896756735645204,0.9230769230769231
MoeruOnisan_vol01_065.jpg,P1_YOLO_Nano,0.9206469640987086,1.0
MoeruOnisan_vol01_065.jpg,P2_YOLO_Det_Nano + SAM,0.8857059204830948,0.9375
HealingPlanet_071.jpg,P1_YOLO_Nano,0.91552836438775,1.0
HealingPlanet_071.jpg,P2_YOLO_Det_Nano + SAM,0.9627073268236664,1.0
TasogareTsushin_040.jpg,P1_YOLO_Nano,0.8727400268023374,0.967741935483871
TasogareTsushin_040.jpg,P2_YOLO_Det_Nano + SAM,0.9349747523784887,1.0
HeiseiJimen_025.jpg,P1_YOLO_Nano,0.8681922709687007,1.0
HeiseiJimen_025.jpg,P2_YOLO_Det_Nano + SAM,0.566106960133333,0.6153846153846154
HanzaiKousyouninMinegishiEitarou_084.jpg,P1_YOLO_Nano,0.936208769524094,1.0
HanzaiKousyouninMinegishiEitarou_084.jpg,P2_YOLO_Det_Nano + SAM,0.9176869012208516,0.96
LancelotFullThrottle_014.jpg,P1_YOLO_Nano,0.8289303023510642,0.9047619047619048
LancelotFullThrottle_014.jpg,P2_YOLO_Det_Nano + SAM,0.9124948022838231,0.9523809523809523
WarewareHaOniDearu_018.jpg,P1_YOLO_Nano,0.8306518126461443,0.9166666666666666
WarewareHaOniDearu_018.jpg,P2_YOLO_Det_Nano + SAM,0.8656419937793115,0.9166666666666666
Raphael_077.jpg,P1_YOLO_Nano,0.9293911608181127,1.0
Raphael_077.jpg,P2_YOLO_Det_Nano + SAM,0.9598109317063782,1.0
HarukaRefrain_067.jpg,P1_YOLO_Nano,0.8844972458401136,1.0
HarukaRefrain_067.jpg,P2_YOLO_Det_Nano + SAM,0.7448431953876875,0.8
UchuKigekiM774_037.jpg,P1_YOLO_Nano,0.9379597877003093,1.0
UchuKigekiM774_037.jpg,P2_YOLO_Det_Nano + SAM,0.918018715996279,0.9545454545454546
HisokaReturns_026.jpg,P1_YOLO_Nano,0.9287892286870121,1.0
HisokaReturns_026.jpg,P2_YOLO_Det_Nano + SAM,0.9659752019794849,1.0
KyokugenCyclone_034.jpg,P1_YOLO_Nano,0.8001561136530482,0.8695652173913043
KyokugenCyclone_034.jpg,P2_YOLO_Det_Nano + SAM,0.8711588725275377,0.9130434782608695
YukiNoFuruMachi_031.jpg,P1_YOLO_Nano,0.7518769371380344,0.8666666666666667
YukiNoFuruMachi_031.jpg,P2_YOLO_Det_Nano + SAM,0.7323439323031288,0.8
ShimatteIkouze_vol01_071.jpg,P1_YOLO_Nano,0.9253802330304493,1.0
ShimatteIkouze_vol01_071.jpg,P2_YOLO_Det_Nano + SAM,0.8685112140444731,0.9090909090909091
YasasiiAkuma_017.jpg,P1_YOLO_Nano,0.682517099288935,0.7727272727272727
YasasiiAkuma_017.jpg,P2_YOLO_Det_Nano + SAM,0.8780296847062968,0.9545454545454546
AosugiruHaru_066.jpg,P1_YOLO_Nano,0.6440544687885673,0.7142857142857143
AosugiruHaru_066.jpg,P2_YOLO_Det_Nano + SAM,0.8065187055241685,0.8571428571428571
KimiHaBokuNoTaiyouDa_077.jpg,P1_YOLO_Nano,0.9505019538401761,1.0
KimiHaBokuNoTaiyouDa_077.jpg,P2_YOLO_Det_Nano + SAM,0.9780494319696169,1.0
DollGun_078.jpg,P1_YOLO_Nano,0.8851573380019689,0.9090909090909091
DollGun_078.jpg,P2_YOLO_Det_Nano + SAM,0.9333727374022064,1.0
ReveryEarth_068.jpg,P1_YOLO_Nano,0.8815159555536505,1.0
ReveryEarth_068.jpg,P2_YOLO_Det_Nano + SAM,0.8704019281695861,0.9375
LoveHina_vol01_084.jpg,P1_YOLO_Nano,0.8293039284677582,0.9354838709677419
LoveHina_vol01_084.jpg,P2_YOLO_Det_Nano + SAM,0.8012905007234975,0.8709677419354839
YumeiroCooking_069.jpg,P1_YOLO_Nano,0.8580005294109705,0.95
YumeiroCooking_069.jpg,P2_YOLO_Det_Nano + SAM,0.9310693354537607,1.0
BurariTessenTorimonocho_094.jpg,P1_YOLO_Nano,0.9307204532580247,1.0
BurariTessenTorimonocho_094.jpg,P2_YOLO_Det_Nano + SAM,0.9602437944813553,1.0
MiraiSan_057.jpg,P1_YOLO_Nano,0.9251507746621441,1.0
MiraiSan_057.jpg,P2_YOLO_Det_Nano + SAM,0.8948012808006541,0.9333333333333333
MomoyamaHaikagura_022.jpg,P1_YOLO_Nano,0.9333125629010136,1.0
MomoyamaHaikagura_022.jpg,P2_YOLO_Det_Nano + SAM,0.8743629314580907,0.9230769230769231
Count3DeKimeteAgeru_049.jpg,P1_YOLO_Nano,0.8319245202770482,0.9473684210526315
Count3DeKimeteAgeru_049.jpg,P2_YOLO_Det_Nano + SAM,0.8320233593051427,0.8947368421052632
Saisoku_048.jpg,P1_YOLO_Nano,0.7972405280669381,1.0
Saisoku_048.jpg,P2_YOLO_Det_Nano + SAM,0.0,0.0
HealingPlanet_086.jpg,P1_YOLO_Nano,0.8142617329897031,0.8888888888888888
HealingPlanet_086.jpg,P2_YOLO_Det_Nano + SAM,0.8421487497432054,0.8888888888888888
Nekodama_045.jpg,P1_YOLO_Nano,0.9089658095124297,1.0
Nekodama_045.jpg,P2_YOLO_Det_Nano + SAM,0.9615220744233938,1.0
LoveHina_vol14_081.jpg,P1_YOLO_Nano,0.8288832142340714,0.9629629629629629
LoveHina_vol14_081.jpg,P2_YOLO_Det_Nano + SAM,0.7610892621301775,0.8518518518518519
TasogareTsushin_054.jpg,P1_YOLO_Nano,0.9505172583194299,1.0
TasogareTsushin_054.jpg,P2_YOLO_Det_Nano + SAM,0.9541791411833558,1.0
SaladDays_vol18_079.jpg,P1_YOLO_Nano,0.9357051969732842,1.0
SaladDays_vol18_079.jpg,P2_YOLO_Det_Nano + SAM,0.9722079643701419,1.0
SaladDays_vol18_077.jpg,P1_YOLO_Nano,0.9443331131036473,1.0
SaladDays_vol18_077.jpg,P2_YOLO_Det_Nano + SAM,0.9678727060791188,1.0
MiraiSan_012.jpg,P1_YOLO_Nano,0.9497357843087161,1.0
MiraiSan_012.jpg,P2_YOLO_Det_Nano + SAM,0.8915904168755571,0.9166666666666666
MadouTaiga_078.jpg,P1_YOLO_Nano,0.8876510790003675,1.0
MadouTaiga_078.jpg,P2_YOLO_Det_Nano + SAM,0.9142949715149843,1.0
GOOD_KISS_Ver2_027.jpg,P1_YOLO_Nano,0.7680385148379596,0.875
GOOD_KISS_Ver2_027.jpg,P2_YOLO_Det_Nano + SAM,0.8948402988715305,0.9583333333333334
HealingPlanet_022.jpg,P1_YOLO_Nano,0.914353403164996,1.0
HealingPlanet_022.jpg,P2_YOLO_Det_Nano + SAM,0.9251436538779189,1.0
JijiBabaFight_069.jpg,P1_YOLO_Nano,0.9302760024491336,1.0
JijiBabaFight_069.jpg,P2_YOLO_Det_Nano + SAM,0.9472340101402207,1.0
AppareKappore_011.jpg,P1_YOLO_Nano,0.8490963246871934,1.0
AppareKappore_011.jpg,P2_YOLO_Det_Nano + SAM,0.798314902660243,0.8888888888888888
ReveryEarth_042.jpg,P1_YOLO_Nano,0.7556111230318905,0.85
ReveryEarth_042.jpg,P2_YOLO_Det_Nano + SAM,0.7417040056510241,0.8
Nekodama_026.jpg,P1_YOLO_Nano,0.8903124633305901,1.0
Nekodama_026.jpg,P2_YOLO_Det_Nano + SAM,0.8655162062538719,0.9333333333333333
AosugiruHaru_079.jpg,P1_YOLO_Nano,0.8421981729410222,0.9166666666666666
AosugiruHaru_079.jpg,P2_YOLO_Det_Nano + SAM,0.9546633387591831,1.0
ReveryEarth_016.jpg,P1_YOLO_Nano,0.9454074733187642,1.0
ReveryEarth_016.jpg,P2_YOLO_Det_Nano + SAM,0.9616274708316213,1.0
YoumaKourin_048.jpg,P1_YOLO_Nano,0.8754715921126371,1.0
YoumaKourin_048.jpg,P2_YOLO_Det_Nano + SAM,0.528883956196236,0.5714285714285714
MemorySeijin_063.jpg,P1_YOLO_Nano,0.7710486749768907,0.8571428571428571
MemorySeijin_063.jpg,P2_YOLO_Det_Nano + SAM,0.8056940781175995,0.8571428571428571
HinagikuKenzan_018.jpg,P1_YOLO_Nano,0.9354402244974932,1.0
HinagikuKenzan_018.jpg,P2_YOLO_Det_Nano + SAM,0.9728991623575921,1.0
MariaSamaNihaNaisyo_032.jpg,P1_YOLO_Nano,0.929994949627763,1.0
MariaSamaNihaNaisyo_032.jpg,P2_YOLO_Det_Nano + SAM,0.8792241710805718,0.9166666666666666
Joouari_035.jpg,P1_YOLO_Nano,0.9489269888301485,1.0
Joouari_035.jpg,P2_YOLO_Det_Nano + SAM,0.9650240905828479,1.0
TotteokiNoABC_009.jpg,P1_YOLO_Nano,0.8815990136484129,1.0
TotteokiNoABC_009.jpg,P2_YOLO_Det_Nano + SAM,0.9161141460175944,1.0
Belmondo_068.jpg,P1_YOLO_Nano,0.822854007200091,0.8947368421052632
Belmondo_068.jpg,P2_YOLO_Det_Nano + SAM,0.8510783274169705,0.8947368421052632
Donburakokko_039.jpg,P1_YOLO_Nano,0.9506814830122582,1.0
Donburakokko_039.jpg,P2_YOLO_Det_Nano + SAM,0.9714913114260337,1.0
ToutaMairimasu_003.jpg,P1_YOLO_Nano,0.8981926999254164,1.0
ToutaMairimasu_003.jpg,P2_YOLO_Det_Nano + SAM,0.9256057793766406,1.0
TsubasaNoKioku_067.jpg,P1_YOLO_Nano,0.8628006338010111,1.0
TsubasaNoKioku_067.jpg,P2_YOLO_Det_Nano + SAM,0.9166489272140979,1.0
MisutenaideDaisy_070.jpg,P1_YOLO_Nano,0.8462045962606412,1.0
MisutenaideDaisy_070.jpg,P2_YOLO_Det_Nano + SAM,0.6922858593806852,0.7777777777777778
MagicStarGakuin_013.jpg,P1_YOLO_Nano,0.8134737421898699,0.8888888888888888
MagicStarGakuin_013.jpg,P2_YOLO_Det_Nano + SAM,0.826688271155681,0.8888888888888888
Hamlet_028.jpg,P1_YOLO_Nano,0.8873894492884853,1.0
Hamlet_028.jpg,P2_YOLO_Det_Nano + SAM,0.8363744147305231,0.8888888888888888
HighschoolKimengumi_vol20_049.jpg,P1_YOLO_Nano,0.7888190456415952,0.6666666666666666
HighschoolKimengumi_vol20_049.jpg,P2_YOLO_Det_Nano + SAM,0.7753940844696733,0.6666666666666666
RinToSiteSippuNoNaka_002.jpg,P1_YOLO_Nano,0.933667802071391,1.0
RinToSiteSippuNoNaka_002.jpg,P2_YOLO_Det_Nano + SAM,0.957627636127255,1.0
KuroidoGanka_011.jpg,P1_YOLO_Nano,0.9426952103732014,1.0
KuroidoGanka_011.jpg,P2_YOLO_Det_Nano + SAM,0.9753265254485932,1.0
TaiyouNiSmash_067.jpg,P1_YOLO_Nano,0.6997224459614826,0.75
TaiyouNiSmash_067.jpg,P2_YOLO_Det_Nano + SAM,0.8773753513143395,1.0
MukoukizuNoChonbo_019.jpg,P1_YOLO_Nano,0.9034769167921592,1.0
MukoukizuNoChonbo_019.jpg,P2_YOLO_Det_Nano + SAM,0.8582938822429688,0.9285714285714286
AppareKappore_005.jpg,P1_YOLO_Nano,0.8895239462250001,1.0
AppareKappore_005.jpg,P2_YOLO_Det_Nano + SAM,0.870545550662991,0.9333333333333333
SyabondamaKieta_033.jpg,P1_YOLO_Nano,0.9132897087907359,1.0
SyabondamaKieta_033.jpg,P2_YOLO_Det_Nano + SAM,0.9013183473938828,0.9411764705882353
ByebyeC-BOY_069.jpg,P1_YOLO_Nano,0.8486425828760878,0.9545454545454546
ByebyeC-BOY_069.jpg,P2_YOLO_Det_Nano + SAM,0.9216961534894302,1.0
MadouTaiga_035.jpg,P1_YOLO_Nano,0.9087682092424452,1.0
MadouTaiga_035.jpg,P2_YOLO_Det_Nano + SAM,0.8644685313104317,0.9
HanzaiKousyouninMinegishiEitarou_077.jpg,P1_YOLO_Nano,0.8837612260059826,0.9473684210526315
HanzaiKousyouninMinegishiEitarou_077.jpg,P2_YOLO_Det_Nano + SAM,0.9140002210428237,0.9473684210526315
ParaisoRoad_026.jpg,P1_YOLO_Nano,0.9066411468656924,1.0
ParaisoRoad_026.jpg,P2_YOLO_Det_Nano + SAM,0.9270273497927983,1.0
MadouTaiga_070.jpg,P1_YOLO_Nano,0.900791831639866,1.0
MadouTaiga_070.jpg,P2_YOLO_Det_Nano + SAM,0.938257815985421,1.0
SaladDays_vol01_080.jpg,P1_YOLO_Nano,0.9224483796858649,1.0
SaladDays_vol01_080.jpg,P2_YOLO_Det_Nano + SAM,0.9666200004547825,1.0
KarappoHighschool_019.jpg,P1_YOLO_Nano,0.7138301686361336,0.8
KarappoHighschool_019.jpg,P2_YOLO_Det_Nano + SAM,0.8436356252371027,0.9
YumeiroCooking_035.jpg,P1_YOLO_Nano,0.9144940533502947,1.0
YumeiroCooking_035.jpg,P2_YOLO_Det_Nano + SAM,0.8730142390234112,0.9
UnbalanceTokyo_061.jpg,P1_YOLO_Nano,0.9161565400553731,1.0
UnbalanceTokyo_061.jpg,P2_YOLO_Det_Nano + SAM,0.8836368070710166,0.9285714285714286
TapkunNoTanteisitsu_100.jpg,P1_YOLO_Nano,0.9191192222809909,1.0
TapkunNoTanteisitsu_100.jpg,P2_YOLO_Det_Nano + SAM,0.9560186230000194,1.0
LoveHina_vol01_064.jpg,P1_YOLO_Nano,0.8451455024193169,0.9583333333333334
LoveHina_vol01_064.jpg,P2_YOLO_Det_Nano + SAM,0.8419657998956045,0.9166666666666666
ParaisoRoad_077.jpg,P1_YOLO_Nano,0.8679335947670811,0.9375
ParaisoRoad_077.jpg,P2_YOLO_Det_Nano + SAM,0.8319326202364394,0.875
TasogareTsushin_059.jpg,P1_YOLO_Nano,0.8860559926238243,0.9444444444444444
TasogareTsushin_059.jpg,P2_YOLO_Det_Nano + SAM,0.96717336126606,1.0
ShimatteIkouze_vol26_097.jpg,P1_YOLO_Nano,0.90962824488352,1.0
ShimatteIkouze_vol26_097.jpg,P2_YOLO_Det_Nano + SAM,0.8635873911718172,0.9375
DualJustice_063.jpg,P1_YOLO_Nano,0.9515628935289876,1.0
DualJustice_063.jpg,P2_YOLO_Det_Nano + SAM,0.9756300204441991,1.0
ShimatteIkouze_vol01_042.jpg,P1_YOLO_Nano,0.8902922124306735,1.0
ShimatteIkouze_vol01_042.jpg,P2_YOLO_Det_Nano + SAM,0.8852063264561872,0.9285714285714286
YoumaKourin_080.jpg,P1_YOLO_Nano,0.9143789990964805,1.0
YoumaKourin_080.jpg,P2_YOLO_Det_Nano + SAM,0.8860723346371501,0.9444444444444444
SaladDays_vol01_038.jpg,P1_YOLO_Nano,0.902110514244854,1.0
SaladDays_vol01_038.jpg,P2_YOLO_Det_Nano + SAM,0.9350293437202606,1.0
MiraiSan_086.jpg,P1_YOLO_Nano,0.9243701282644881,1.0
MiraiSan_086.jpg,P2_YOLO_Det_Nano + SAM,0.9595632728744831,1.0
HanzaiKousyouninMinegishiEitarou_019.jpg,P1_YOLO_Nano,0.7522764616462384,0.8333333333333334
HanzaiKousyouninMinegishiEitarou_019.jpg,P2_YOLO_Det_Nano + SAM,0.7800124214269633,0.8333333333333334
MutekiBoukenSyakuma_004.jpg,P1_YOLO_Nano,0.8505352209091999,0.9444444444444444
MutekiBoukenSyakuma_004.jpg,P2_YOLO_Det_Nano + SAM,0.7787966741119815,0.8333333333333334
KuroidoGanka_095.jpg,P1_YOLO_Nano,0.8756764647936864,0.9444444444444444
KuroidoGanka_095.jpg,P2_YOLO_Det_Nano + SAM,0.9119474686117823,0.9444444444444444
JangiriPonpon_097.jpg,P1_YOLO_Nano,0.9130340113141142,1.0
JangiriPonpon_097.jpg,P2_YOLO_Det_Nano + SAM,0.8872428007795302,0.9230769230769231
SonokiDeABC_068.jpg,P1_YOLO_Nano,0.9224902618307463,1.0
SonokiDeABC_068.jpg,P2_YOLO_Det_Nano + SAM,0.9601555548739977,1.0
TensiNoHaneToAkumaNoShippo_073.jpg,P1_YOLO_Nano,0.8448014993593272,0.9411764705882353
TensiNoHaneToAkumaNoShippo_073.jpg,P2_YOLO_Det_Nano + SAM,0.9325532135459692,1.0
Hamlet_019.jpg,P1_YOLO_Nano,0.8928228310469277,1.0
Hamlet_019.jpg,P2_YOLO_Det_Nano + SAM,0.8872431279020857,0.95
DollGun_063.jpg,P1_YOLO_Nano,0.8758544316054465,1.0
DollGun_063.jpg,P2_YOLO_Det_Nano + SAM,0.908010187824563,1.0
YukiNoFuruMachi_019.jpg,P1_YOLO_Nano,0.9244299393723008,1.0
YukiNoFuruMachi_019.jpg,P2_YOLO_Det_Nano + SAM,0.9567522717682769,1.0
MeteoSanStrikeDesu_109.jpg,P1_YOLO_Nano,0.8306197588759219,0.875
MeteoSanStrikeDesu_109.jpg,P2_YOLO_Det_Nano + SAM,0.8450662796813362,0.875
DollGun_073.jpg,P1_YOLO_Nano,0.46553109992396663,0.5
DollGun_073.jpg,P2_YOLO_Det_Nano + SAM,0.484722864394149,0.5
MomoyamaHaikagura_033.jpg,P1_YOLO_Nano,0.7748937552650259,0.8571428571428571
MomoyamaHaikagura_033.jpg,P2_YOLO_Det_Nano + SAM,0.8991750155273825,1.0
NichijouSoup_095.jpg,P1_YOLO_Nano,0.9465865986382713,1.0
NichijouSoup_095.jpg,P2_YOLO_Det_Nano + SAM,0.9597608636165945,1.0
LoveHina_vol01_074.jpg,P1_YOLO_Nano,0.9232583080858602,1.0
LoveHina_vol01_074.jpg,P2_YOLO_Det_Nano + SAM,0.9388186163943892,1.0
MagicStarGakuin_066.jpg,P1_YOLO_Nano,0.5631429663124494,0.625
MagicStarGakuin_066.jpg,P2_YOLO_Det_Nano + SAM,0.5618832319826205,0.625
LoveHina_vol01_043.jpg,P1_YOLO_Nano,0.7771199281382777,0.8947368421052632
LoveHina_vol01_043.jpg,P2_YOLO_Det_Nano + SAM,0.7107374160652048,0.7894736842105263
GakuenNoise_015.jpg,P1_YOLO_Nano,0.9102838048549857,1.0
GakuenNoise_015.jpg,P2_YOLO_Det_Nano + SAM,0.8655898604088562,0.9230769230769231
UnbalanceTokyo_023.jpg,P1_YOLO_Nano,0.9152203768845898,1.0
UnbalanceTokyo_023.jpg,P2_YOLO_Det_Nano + SAM,0.8642226091357553,0.9090909090909091
ParaisoRoad_007.jpg,P1_YOLO_Nano,0.8576084636268623,0.9166666666666666
ParaisoRoad_007.jpg,P2_YOLO_Det_Nano + SAM,0.9519876686247222,1.0
HanzaiKousyouninMinegishiEitarou_070.jpg,P1_YOLO_Nano,0.8731800236328486,0.9444444444444444
HanzaiKousyouninMinegishiEitarou_070.jpg,P2_YOLO_Det_Nano + SAM,0.8498231545735025,0.8888888888888888
AisazuNihaIrarenai_017.jpg,P1_YOLO_Nano,0.8967279645743239,1.0
AisazuNihaIrarenai_017.jpg,P2_YOLO_Det_Nano + SAM,0.8864592754606729,0.9285714285714286
Saisoku_081.jpg,P1_YOLO_Nano,0.7128062566171786,0.8333333333333334
Saisoku_081.jpg,P2_YOLO_Det_Nano + SAM,0.7377069501540715,0.8333333333333334
HarukaRefrain_036.jpg,P1_YOLO_Nano,0.9312845098286351,1.0
HarukaRefrain_036.jpg,P2_YOLO_Det_Nano + SAM,0.9586347630405465,1.0
HaruichibanNoFukukoro_030.jpg,P1_YOLO_Nano,0.7448371601194947,0.8461538461538461
HaruichibanNoFukukoro_030.jpg,P2_YOLO_Det_Nano + SAM,0.8529093519458114,0.9230769230769231
MayaNoAkaiKutsu_064.jpg,P1_YOLO_Nano,0.8680637131057763,0.9166666666666666
MayaNoAkaiKutsu_064.jpg,P2_YOLO_Det_Nano + SAM,0.8461316035478043,0.8333333333333334
NichijouSoup_041.jpg,P1_YOLO_Nano,0.8559054426352368,0.9285714285714286
NichijouSoup_041.jpg,P2_YOLO_Det_Nano + SAM,0.9393066078459532,1.0
Joouari_012.jpg,P1_YOLO_Nano,0.9514896038216426,1.0
Joouari_012.jpg,P2_YOLO_Det_Nano + SAM,0.9775011904627053,1.0
Arisa_021.jpg,P1_YOLO_Nano,0.7676189069242765,0.8571428571428571
Arisa_021.jpg,P2_YOLO_Det_Nano + SAM,0.9210818896441308,1.0
HealingPlanet_014.jpg,P1_YOLO_Nano,0.9160797408956848,1.0
HealingPlanet_014.jpg,P2_YOLO_Det_Nano + SAM,0.7113006550630109,0.75
HighschoolKimengumi_vol20_083.jpg,P1_YOLO_Nano,0.9095934676475232,1.0
HighschoolKimengumi_vol20_083.jpg,P2_YOLO_Det_Nano + SAM,0.9516769764441962,1.0
AppareKappore_074.jpg,P1_YOLO_Nano,0.9127220148626476,1.0
AppareKappore_074.jpg,P2_YOLO_Det_Nano + SAM,0.9289905052731184,1.0
GakuenNoise_078.jpg,P1_YOLO_Nano,0.9635592253842509,1.0
GakuenNoise_078.jpg,P2_YOLO_Det_Nano + SAM,0.9689432779487244,1.0
PikaruGenkiDesu_086.jpg,P1_YOLO_Nano,0.9274720508111295,1.0
PikaruGenkiDesu_086.jpg,P2_YOLO_Det_Nano + SAM,0.9564773696537484,1.0
KimiHaBokuNoTaiyouDa_034.jpg,P1_YOLO_Nano,0.8943284432541014,1.0
KimiHaBokuNoTaiyouDa_034.jpg,P2_YOLO_Det_Nano + SAM,0.9362521778737131,1.0
JijiBabaFight_043.jpg,P1_YOLO_Nano,0.9374144956695315,1.0
JijiBabaFight_043.jpg,P2_YOLO_Det_Nano + SAM,0.9716953547034854,1.0
That'sIzumiko_078.jpg,P1_YOLO_Nano,0.8170896485627013,0.9
That'sIzumiko_078.jpg,P2_YOLO_Det_Nano + SAM,0.72937944910786,0.8
Raphael_072.jpg,P1_YOLO_Nano,0.9420026266241402,1.0
Raphael_072.jpg,P2_YOLO_Det_Nano + SAM,0.8961032713773535,0.9333333333333333
YasasiiAkuma_090.jpg,P1_YOLO_Nano,0.8573003203901,0.9230769230769231
YasasiiAkuma_090.jpg,P2_YOLO_Det_Nano + SAM,0.9732255812094226,1.0
MutekiBoukenSyakuma_048.jpg,P1_YOLO_Nano,0.8818715684333337,1.0
MutekiBoukenSyakuma_048.jpg,P2_YOLO_Det_Nano + SAM,0.9257595523394893,1.0
PLANET7_024.jpg,P1_YOLO_Nano,0.9403428656085294,1.0
PLANET7_024.jpg,P2_YOLO_Det_Nano + SAM,0.9001300697383332,0.9444444444444444
YoumaKourin_018.jpg,P1_YOLO_Nano,0.9126146708849341,1.0
YoumaKourin_018.jpg,P2_YOLO_Det_Nano + SAM,0.9529671767471952,1.0
HaruichibanNoFukukoro_088.jpg,P1_YOLO_Nano,0.6942276111877668,0.7777777777777778
HaruichibanNoFukukoro_088.jpg,P2_YOLO_Det_Nano + SAM,0.9185940617039328,1.0
HealingPlanet_030.jpg,P1_YOLO_Nano,0.9250021366181801,1.0
HealingPlanet_030.jpg,P2_YOLO_Det_Nano + SAM,0.8738445867310012,0.9090909090909091
WarewareHaOniDearu_040.jpg,P1_YOLO_Nano,0.7846415117281687,0.8888888888888888
WarewareHaOniDearu_040.jpg,P2_YOLO_Det_Nano + SAM,0.9366786532517669,1.0
That'sIzumiko_055.jpg,P1_YOLO_Nano,0.9085578604770967,1.0
That'sIzumiko_055.jpg,P2_YOLO_Det_Nano + SAM,0.9612966077034555,1.0
DualJustice_091.jpg,P1_YOLO_Nano,0.8949295103570114,1.0
DualJustice_091.jpg,P2_YOLO_Det_Nano + SAM,0.9286668657935622,1.0
MoeruOnisan_vol01_043.jpg,P1_YOLO_Nano,0.8771172060237146,0.9615384615384616
MoeruOnisan_vol01_043.jpg,P2_YOLO_Det_Nano + SAM,0.8324170901981162,0.8846153846153846
EverydayOsakanaChan_066.jpg,P1_YOLO_Nano,0.8921510612783229,1.0
EverydayOsakanaChan_066.jpg,P2_YOLO_Det_Nano + SAM,0.9229431604920081,1.0
PikaruGenkiDesu_047.jpg,P1_YOLO_Nano,0.7744304709031004,0.8571428571428571
PikaruGenkiDesu_047.jpg,P2_YOLO_Det_Nano + SAM,0.7841011697063562,0.7857142857142857
MoeruOnisan_vol01_062.jpg,P1_YOLO_Nano,0.9377455860417788,1.0
MoeruOnisan_vol01_062.jpg,P2_YOLO_Det_Nano + SAM,0.9661252508308065,1.0
JijiBabaFight_025.jpg,P1_YOLO_Nano,0.9191983083387896,1.0
JijiBabaFight_025.jpg,P2_YOLO_Det_Nano + SAM,0.9480862470592495,1.0
DollGun_026.jpg,P1_YOLO_Nano,0.8574228813214866,0.9444444444444444
DollGun_026.jpg,P2_YOLO_Det_Nano + SAM,0.8977798538179624,0.9444444444444444
Belmondo_048.jpg,P1_YOLO_Nano,0.9382112536936204,1.0
Belmondo_048.jpg,P2_YOLO_Det_Nano + SAM,0.9512166746781259,1.0
PrayerHaNemurenai_087.jpg,P1_YOLO_Nano,0.7618935354194283,0.875
PrayerHaNemurenai_087.jpg,P2_YOLO_Det_Nano + SAM,0.7988147659745921,0.8125
TensiNoHaneToAkumaNoShippo_058.jpg,P1_YOLO_Nano,0.621007857016079,0.6666666666666666
TensiNoHaneToAkumaNoShippo_058.jpg,P2_YOLO_Det_Nano + SAM,0.656594552390186,0.6666666666666666
DualJustice_028.jpg,P1_YOLO_Nano,0.7334939887000507,0.8125
DualJustice_028.jpg,P2_YOLO_Det_Nano + SAM,0.6917432204975962,0.75
YoumaKourin_010.jpg,P1_YOLO_Nano,0.7259422059901597,0.8
YoumaKourin_010.jpg,P2_YOLO_Det_Nano + SAM,0.5603532019268289,0.6
KimiHaBokuNoTaiyouDa_006.jpg,P1_YOLO_Nano,0.9184650712090506,1.0
KimiHaBokuNoTaiyouDa_006.jpg,P2_YOLO_Det_Nano + SAM,0.9453281529769278,1.0
HaruichibanNoFukukoro_024.jpg,P1_YOLO_Nano,0.6373411273844699,0.6666666666666666
HaruichibanNoFukukoro_024.jpg,P2_YOLO_Det_Nano + SAM,0.650584356014059,0.6666666666666666
RinToSiteSippuNoNaka_044.jpg,P1_YOLO_Nano,0.8291639629443832,0.8888888888888888
RinToSiteSippuNoNaka_044.jpg,P2_YOLO_Det_Nano + SAM,0.9536363072971231,1.0
ReveryEarth_041.jpg,P1_YOLO_Nano,0.9003060075755852,1.0
ReveryEarth_041.jpg,P2_YOLO_Det_Nano + SAM,0.8558234764279053,0.9090909090909091
Belmondo_084.jpg,P1_YOLO_Nano,0.9423554429439203,1.0
Belmondo_084.jpg,P2_YOLO_Det_Nano + SAM,0.9571168676286165,1.0
YumeiroCooking_030.jpg,P1_YOLO_Nano,0.9208001446885413,1.0
YumeiroCooking_030.jpg,P2_YOLO_Det_Nano + SAM,0.9506610083044137,1.0
KoukouNoHitotachi_060.jpg,P1_YOLO_Nano,0.8366998321550502,0.9444444444444444
KoukouNoHitotachi_060.jpg,P2_YOLO_Det_Nano + SAM,0.8268362176785545,0.8888888888888888
ShimatteIkouze_vol01_050.jpg,P1_YOLO_Nano,0.8771669222783427,1.0
ShimatteIkouze_vol01_050.jpg,P2_YOLO_Det_Nano + SAM,0.6548300619853266,0.7
AkkeraKanjinchou_065.jpg,P1_YOLO_Nano,0.8510579502352696,0.9166666666666666
AkkeraKanjinchou_065.jpg,P2_YOLO_Det_Nano + SAM,0.8724309574736185,0.9166666666666666
SamayoeruSyonenNiJunaiWo_009.jpg,P1_YOLO_Nano,0.952834739237772,1.0
SamayoeruSyonenNiJunaiWo_009.jpg,P2_YOLO_Det_Nano + SAM,0.9805014018594531,1.0
RinToSiteSippuNoNaka_098.jpg,P1_YOLO_Nano,0.652996317780381,0.6666666666666666
RinToSiteSippuNoNaka_098.jpg,P2_YOLO_Det_Nano + SAM,0.6750330675832156,0.6666666666666666
That'sIzumiko_040.jpg,P1_YOLO_Nano,0.7831818917856862,0.9285714285714286
That'sIzumiko_040.jpg,P2_YOLO_Det_Nano + SAM,0.8246580917363343,0.9285714285714286
PlatinumJungle_016.jpg,P1_YOLO_Nano,0.9241948700946845,1.0
PlatinumJungle_016.jpg,P2_YOLO_Det_Nano + SAM,0.9440778996242383,1.0
YumeiroCooking_015.jpg,P1_YOLO_Nano,0.8718136448875654,0.9565217391304348
YumeiroCooking_015.jpg,P2_YOLO_Det_Nano + SAM,0.954886703781708,1.0
PsychoStaff_050.jpg,P1_YOLO_Nano,0.8646601932884446,1.0
PsychoStaff_050.jpg,P2_YOLO_Det_Nano + SAM,0.8354110094499587,0.9
NichijouSoup_083.jpg,P1_YOLO_Nano,0.8615466238976351,0.9411764705882353
NichijouSoup_083.jpg,P2_YOLO_Det_Nano + SAM,0.9229701056254416,0.9705882352941176
UchiNoNyan'sDiary_004.jpg,P1_YOLO_Nano,0.8457081910127928,0.9230769230769231
UchiNoNyan'sDiary_004.jpg,P2_YOLO_Det_Nano + SAM,0.8566431197816924,0.9230769230769231
EienNoWith_083.jpg,P1_YOLO_Nano,0.930173128426214,1.0
EienNoWith_083.jpg,P2_YOLO_Det_Nano + SAM,0.956097039550991,1.0
KarappoHighschool_067.jpg,P1_YOLO_Nano,0.8923863809227498,1.0
KarappoHighschool_067.jpg,P2_YOLO_Det_Nano + SAM,0.936770258506663,1.0
HaruichibanNoFukukoro_002.jpg,P1_YOLO_Nano,0.7298300270423388,0.8333333333333334
HaruichibanNoFukukoro_002.jpg,P2_YOLO_Det_Nano + SAM,0.8430404064089134,0.9166666666666666
YukiNoFuruMachi_076.jpg,P1_YOLO_Nano,0.8825748687125616,0.875
YukiNoFuruMachi_076.jpg,P2_YOLO_Det_Nano + SAM,0.8487155630087898,0.875
UchiNoNyan'sDiary_015.jpg,P1_YOLO_Nano,0.93473559019489,1.0
UchiNoNyan'sDiary_015.jpg,P2_YOLO_Det_Nano + SAM,0.9467923732328674,1.0
PrismHeart_053.jpg,P1_YOLO_Nano,0.9380561595483436,1.0
PrismHeart_053.jpg,P2_YOLO_Det_Nano + SAM,0.9707873599760537,1.0
ARMS_072.jpg,P1_YOLO_Nano,0.8190996549059593,0.9375
ARMS_072.jpg,P2_YOLO_Det_Nano + SAM,0.8334341617635548,0.9375
Nekodama_001.jpg,P1_YOLO_Nano,0.9136973511268017,1.0
Nekodama_001.jpg,P2_YOLO_Det_Nano + SAM,0.952670802141426,1.0
MiraiSan_035.jpg,P1_YOLO_Nano,0.8953316314238774,1.0
MiraiSan_035.jpg,P2_YOLO_Det_Nano + SAM,0.9513029752511334,1.0
KarappoHighschool_114.jpg,P1_YOLO_Nano,0.8712586725824661,1.0
KarappoHighschool_114.jpg,P2_YOLO_Det_Nano + SAM,0.7631978420678073,0.8181818181818182
LoveHina_vol14_016.jpg,P1_YOLO_Nano,0.8573744565326061,0.9565217391304348
LoveHina_vol14_016.jpg,P2_YOLO_Det_Nano + SAM,0.8111248268544426,0.8695652173913043
Jyovolley_052.jpg,P1_YOLO_Nano,0.9331122702590924,1.0
Jyovolley_052.jpg,P2_YOLO_Det_Nano + SAM,0.9619316964121395,1.0
MiraiSan_066.jpg,P1_YOLO_Nano,0.9184373075245044,1.0
MiraiSan_066.jpg,P2_YOLO_Det_Nano + SAM,0.9274351552861396,1.0
Donburakokko_012.jpg,P1_YOLO_Nano,0.747652523781271,0.8571428571428571
Donburakokko_012.jpg,P2_YOLO_Det_Nano + SAM,0.7209246470315787,0.8571428571428571
GakuenNoise_057.jpg,P1_YOLO_Nano,0.9201829935846766,1.0
GakuenNoise_057.jpg,P2_YOLO_Det_Nano + SAM,0.8419706192333933,0.875
MoeruOnisan_vol01_068.jpg,P1_YOLO_Nano,0.9283219342450072,1.0
MoeruOnisan_vol01_068.jpg,P2_YOLO_Det_Nano + SAM,0.9561999635422939,1.0
PikaruGenkiDesu_065.jpg,P1_YOLO_Nano,0.7904887218666098,0.9
PikaruGenkiDesu_065.jpg,P2_YOLO_Det_Nano + SAM,0.8165162787563925,0.9
GOOD_KISS_Ver2_017.jpg,P1_YOLO_Nano,0.9392950874847877,1.0
GOOD_KISS_Ver2_017.jpg,P2_YOLO_Det_Nano + SAM,0.9672100835442948,1.0
WarewareHaOniDearu_049.jpg,P1_YOLO_Nano,0.8191729071885058,0.9285714285714286
WarewareHaOniDearu_049.jpg,P2_YOLO_Det_Nano + SAM,0.922500921033475,1.0
ParaisoRoad_078.jpg,P1_YOLO_Nano,0.6811006849557674,0.7857142857142857
ParaisoRoad_078.jpg,P2_YOLO_Det_Nano + SAM,0.7297314277767661,0.7857142857142857
DollGun_020.jpg,P1_YOLO_Nano,0.8370307360773923,0.9166666666666666
DollGun_020.jpg,P2_YOLO_Det_Nano + SAM,0.8519761736918384,0.9166666666666666
MukoukizuNoChonbo_041.jpg,P1_YOLO_Nano,0.8918325799405223,1.0
MukoukizuNoChonbo_041.jpg,P2_YOLO_Det_Nano + SAM,0.7717973718641683,0.8235294117647058
RinToSiteSippuNoNaka_052.jpg,P1_YOLO_Nano,0.9451255522205333,1.0
RinToSiteSippuNoNaka_052.jpg,P2_YOLO_Det_Nano + SAM,0.9606070507635615,1.0
JijiBabaFight_033.jpg,P1_YOLO_Nano,0.9227399958699124,1.0
JijiBabaFight_033.jpg,P2_YOLO_Det_Nano + SAM,0.9170989110046245,0.9583333333333334
MoeruOnisan_vol01_018.jpg,P1_YOLO_Nano,0.9217684516452754,1.0
MoeruOnisan_vol01_018.jpg,P2_YOLO_Det_Nano + SAM,0.9426941326649064,1.0
UnbalanceTokyo_003.jpg,P1_YOLO_Nano,0.8825835886094041,0.9285714285714286
UnbalanceTokyo_003.jpg,P2_YOLO_Det_Nano + SAM,0.921456044615838,1.0
GOOD_KISS_Ver2_037.jpg,P1_YOLO_Nano,0.862230394205373,0.9285714285714286
GOOD_KISS_Ver2_037.jpg,P2_YOLO_Det_Nano + SAM,0.9624154977964788,1.0
MoeruOnisan_vol19_043.jpg,P1_YOLO_Nano,0.9326058699882458,1.0
MoeruOnisan_vol19_043.jpg,P2_YOLO_Det_Nano + SAM,0.8649336985689275,0.9032258064516129
That'sIzumiko_111.jpg,P1_YOLO_Nano,0.5569812206506067,0.6666666666666666
That'sIzumiko_111.jpg,P2_YOLO_Det_Nano + SAM,0.45805406977809304,0.5
EienNoWith_066.jpg,P1_YOLO_Nano,0.5792886653426026,0.6666666666666666
EienNoWith_066.jpg,P2_YOLO_Det_Nano + SAM,0.5758012993813592,0.6666666666666666
OhWareraRettouSeitokai_002.jpg,P1_YOLO_Nano,0.8726091626690702,1.0
OhWareraRettouSeitokai_002.jpg,P2_YOLO_Det_Nano + SAM,0.8192453564850932,0.9
LoveHina_vol14_047.jpg,P1_YOLO_Nano,0.9468462039035483,1.0
LoveHina_vol14_047.jpg,P2_YOLO_Det_Nano + SAM,0.9719288608968523,1.0
MagicianLoad_062.jpg,P1_YOLO_Nano,0.8870697882285148,1.0
MagicianLoad_062.jpg,P2_YOLO_Det_Nano + SAM,0.9231323607255312,1.0
MariaSamaNihaNaisyo_092.jpg,P1_YOLO_Nano,0.9512240289468262,1.0
MariaSamaNihaNaisyo_092.jpg,P2_YOLO_Det_Nano + SAM,0.9816212491856273,1.0
AosugiruHaru_042.jpg,P1_YOLO_Nano,0.8670321264671473,0.9523809523809523
AosugiruHaru_042.jpg,P2_YOLO_Det_Nano + SAM,0.9572828528016527,1.0
MoeruOnisan_vol19_093.jpg,P1_YOLO_Nano,0.9379203788240729,1.0
MoeruOnisan_vol19_093.jpg,P2_YOLO_Det_Nano + SAM,0.9587804479832573,1.0
NichijouSoup_043.jpg,P1_YOLO_Nano,0.842601914086388,0.9230769230769231
NichijouSoup_043.jpg,P2_YOLO_Det_Nano + SAM,0.9092257792593734,0.9615384615384616
NichijouSoup_022.jpg,P1_YOLO_Nano,0.9063844042914562,1.0
NichijouSoup_022.jpg,P2_YOLO_Det_Nano + SAM,0.9360087318680785,1.0
BokuHaSitatakaKun_010.jpg,P1_YOLO_Nano,0.8789619278089805,1.0
BokuHaSitatakaKun_010.jpg,P2_YOLO_Det_Nano + SAM,0.8372890020443534,0.8695652173913043
MayaNoAkaiKutsu_026.jpg,P1_YOLO_Nano,0.936402146742744,1.0
MayaNoAkaiKutsu_026.jpg,P2_YOLO_Det_Nano + SAM,0.8443263332204363,0.875
MoeruOnisan_vol19_022.jpg,P1_YOLO_Nano,0.9153696690181099,1.0
MoeruOnisan_vol19_022.jpg,P2_YOLO_Det_Nano + SAM,0.9321544695455736,1.0
Hamlet_153.jpg,P1_YOLO_Nano,0.8758822835455156,0.9545454545454546
Hamlet_153.jpg,P2_YOLO_Det_Nano + SAM,0.8748679242520065,0.9090909090909091
SyabondamaKieta_089.jpg,P1_YOLO_Nano,0.8110769063009825,0.9333333333333333
SyabondamaKieta_089.jpg,P2_YOLO_Det_Nano + SAM,0.8359273588157732,0.9333333333333333
GakuenNoise_059.jpg,P1_YOLO_Nano,0.8731446722705418,0.9333333333333333
GakuenNoise_059.jpg,P2_YOLO_Det_Nano + SAM,0.9707815144777444,1.0
PlatinumJungle_011.jpg,P1_YOLO_Nano,0.9316000763405362,1.0
PlatinumJungle_011.jpg,P2_YOLO_Det_Nano + SAM,0.8352787133504016,0.8571428571428571
LancelotFullThrottle_058.jpg,P1_YOLO_Nano,0.6693530062388293,0.7692307692307693
LancelotFullThrottle_058.jpg,P2_YOLO_Det_Nano + SAM,0.7129748143683717,0.7692307692307693
OhWareraRettouSeitokai_075.jpg,P1_YOLO_Nano,0.9047196804181116,1.0
OhWareraRettouSeitokai_075.jpg,P2_YOLO_Det_Nano + SAM,0.9530877478861338,1.0
GakuenNoise_006.jpg,P1_YOLO_Nano,0.9236964804634662,1.0
GakuenNoise_006.jpg,P2_YOLO_Det_Nano + SAM,0.8717323077330856,0.9230769230769231
YouchienBoueigumi_006.jpg,P1_YOLO_Nano,0.8528148974798383,0.9375
YouchienBoueigumi_006.jpg,P2_YOLO_Det_Nano + SAM,0.8972347424221552,0.9375
Raphael_047.jpg,P1_YOLO_Nano,0.9227619617309123,1.0
Raphael_047.jpg,P2_YOLO_Det_Nano + SAM,0.9571603337221496,1.0
MeteoSanStrikeDesu_062.jpg,P1_YOLO_Nano,0.7294734565191263,0.8
MeteoSanStrikeDesu_062.jpg,P2_YOLO_Det_Nano + SAM,0.8114234581362698,0.8666666666666667
PlatinumJungle_021.jpg,P1_YOLO_Nano,0.9329936459365635,1.0
PlatinumJungle_021.jpg,P2_YOLO_Det_Nano + SAM,0.950243823425833,1.0
YukiNoFuruMachi_005.jpg,P1_YOLO_Nano,0.8329777687912434,0.9411764705882353
YukiNoFuruMachi_005.jpg,P2_YOLO_Det_Nano + SAM,0.9280546808653793,1.0
MayaNoAkaiKutsu_021.jpg,P1_YOLO_Nano,0.9699728791309875,1.0
MayaNoAkaiKutsu_021.jpg,P2_YOLO_Det_Nano + SAM,0.9735267933339057,1.0
YouchienBoueigumi_008.jpg,P1_YOLO_Nano,0.8780830184100552,1.0
YouchienBoueigumi_008.jpg,P2_YOLO_Det_Nano + SAM,0.9307381934085184,1.0
MoeruOnisan_vol19_070.jpg,P1_YOLO_Nano,0.9294214044593758,1.0
MoeruOnisan_vol19_070.jpg,P2_YOLO_Det_Nano + SAM,0.9362805283952805,1.0
AppareKappore_002.jpg,P1_YOLO_Nano,0.9163821856811261,1.0
AppareKappore_002.jpg,P2_YOLO_Det_Nano + SAM,0.9631197544427376,1.0
PikaruGenkiDesu_014.jpg,P1_YOLO_Nano,0.6912785131085395,0.8
PikaruGenkiDesu_014.jpg,P2_YOLO_Det_Nano + SAM,0.7095474872124748,0.8
MagicianLoad_013.jpg,P1_YOLO_Nano,0.9112966433260549,1.0
MagicianLoad_013.jpg,P2_YOLO_Det_Nano + SAM,0.9573466217856743,1.0
ARMS_012.jpg,P1_YOLO_Nano,0.8872536028245473,1.0
ARMS_012.jpg,P2_YOLO_Det_Nano + SAM,0.8710361880095895,0.9285714285714286
YumeiroCooking_082.jpg,P1_YOLO_Nano,0.8998611180993692,1.0
YumeiroCooking_082.jpg,P2_YOLO_Det_Nano + SAM,0.9024641020647328,0.9411764705882353
SaladDays_vol18_029.jpg,P1_YOLO_Nano,0.9295077755462042,1.0
SaladDays_vol18_029.jpg,P2_YOLO_Det_Nano + SAM,0.9518539591910499,1.0
Ningyoushi_040.jpg,P1_YOLO_Nano,0.8944639886794185,1.0
Ningyoushi_040.jpg,P2_YOLO_Det_Nano + SAM,0.8514382305742815,0.9230769230769231
OL_Lunch_053.jpg,P1_YOLO_Nano,0.8415474994991856,0.9285714285714286
OL_Lunch_053.jpg,P2_YOLO_Det_Nano + SAM,0.7982226179604027,0.8571428571428571
TaiyouNiSmash_083.jpg,P1_YOLO_Nano,0.9415134608268044,1.0
TaiyouNiSmash_083.jpg,P2_YOLO_Det_Nano + SAM,0.8880367539622351,0.9090909090909091
PrayerHaNemurenai_034.jpg,P1_YOLO_Nano,0.8432806932783051,0.9090909090909091
PrayerHaNemurenai_034.jpg,P2_YOLO_Det_Nano + SAM,0.9627603877795142,1.0
AosugiruHaru_005.jpg,P1_YOLO_Nano,0.9210337942738357,1.0
AosugiruHaru_005.jpg,P2_YOLO_Det_Nano + SAM,0.645466848777897,0.6666666666666666
LancelotFullThrottle_049.jpg,P1_YOLO_Nano,0.8951088662253366,1.0
LancelotFullThrottle_049.jpg,P2_YOLO_Det_Nano + SAM,0.9024030059493836,1.0
MagicStarGakuin_010.jpg,P1_YOLO_Nano,0.8364446521318889,0.9473684210526315
MagicStarGakuin_010.jpg,P2_YOLO_Det_Nano + SAM,0.8803379897941234,0.9473684210526315
Donburakokko_025.jpg,P1_YOLO_Nano,0.8629859708167078,0.9411764705882353
Donburakokko_025.jpg,P2_YOLO_Det_Nano + SAM,0.889987839039504,0.9411764705882353
AisazuNihaIrarenai_045.jpg,P1_YOLO_Nano,0.875583184971425,1.0
AisazuNihaIrarenai_045.jpg,P2_YOLO_Det_Nano + SAM,0.6710615212967322,0.7333333333333333
NichijouSoup_005.jpg,P1_YOLO_Nano,0.8955541645143321,1.0
NichijouSoup_005.jpg,P2_YOLO_Det_Nano + SAM,0.8511357814690599,1.0
KoukouNoHitotachi_034.jpg,P1_YOLO_Nano,0.8861802170479249,1.0
KoukouNoHitotachi_034.jpg,P2_YOLO_Det_Nano + SAM,0.8779631076304708,0.9473684210526315
YukiNoFuruMachi_017.jpg,P1_YOLO_Nano,0.9172145877304184,1.0
YukiNoFuruMachi_017.jpg,P2_YOLO_Det_Nano + SAM,0.8704552849795142,0.9090909090909091
TasogareTsushin_067.jpg,P1_YOLO_Nano,0.5886226022386964,0.6666666666666666
TasogareTsushin_067.jpg,P2_YOLO_Det_Nano + SAM,0.5644093216402476,0.5714285714285714
GarakutayaManta_044.jpg,P1_YOLO_Nano,0.8509311150375207,0.9090909090909091
GarakutayaManta_044.jpg,P2_YOLO_Det_Nano + SAM,0.9667713662087215,1.0
HanzaiKousyouninMinegishiEitarou_004.jpg,P1_YOLO_Nano,0.9311053295054973,1.0
HanzaiKousyouninMinegishiEitarou_004.jpg,P2_YOLO_Det_Nano + SAM,0.96512905016421,1.0
PlatinumJungle_082.jpg,P1_YOLO_Nano,0.9424523781164071,1.0
PlatinumJungle_082.jpg,P2_YOLO_Det_Nano + SAM,0.9725729372217229,1.0
PikaruGenkiDesu_059.jpg,P1_YOLO_Nano,0.9373560004509223,1.0
PikaruGenkiDesu_059.jpg,P2_YOLO_Det_Nano + SAM,0.9668353889125298,1.0
BEMADER_P_112.jpg,P1_YOLO_Nano,0.7348754685038446,0.9
BEMADER_P_112.jpg,P2_YOLO_Det_Nano + SAM,0.901444035471564,1.0
NichijouSoup_039.jpg,P1_YOLO_Nano,0.8770394989851783,1.0
NichijouSoup_039.jpg,P2_YOLO_Det_Nano + SAM,0.9172022046747391,1.0
MagicianLoad_021.jpg,P1_YOLO_Nano,0.8339272081131051,0.9166666666666666
MagicianLoad_021.jpg,P2_YOLO_Det_Nano + SAM,0.7618560466023284,0.8333333333333334
KarappoHighschool_073.jpg,P1_YOLO_Nano,0.9325694446955413,1.0
KarappoHighschool_073.jpg,P2_YOLO_Det_Nano + SAM,0.9656063543455252,1.0
PikaruGenkiDesu_069.jpg,P1_YOLO_Nano,0.7985111950384374,0.8823529411764706
PikaruGenkiDesu_069.jpg,P2_YOLO_Det_Nano + SAM,0.8935678944053618,0.9411764705882353
RisingGirl_006.jpg,P1_YOLO_Nano,0.9146046753222379,1.0
RisingGirl_006.jpg,P2_YOLO_Det_Nano + SAM,0.9625652999363108,1.0
NichijouSoup_016.jpg,P1_YOLO_Nano,0.8552134825313252,0.9230769230769231
NichijouSoup_016.jpg,P2_YOLO_Det_Nano + SAM,0.9482148036937794,1.0
LancelotFullThrottle_025.jpg,P1_YOLO_Nano,0.8222725140021601,0.9
LancelotFullThrottle_025.jpg,P2_YOLO_Det_Nano + SAM,0.9086591594113715,0.95
YoumaKourin_085.jpg,P1_YOLO_Nano,0.8477040255714725,1.0
YoumaKourin_085.jpg,P2_YOLO_Det_Nano + SAM,0.44282795230803407,0.5
YumeNoKayoiji_050.jpg,P1_YOLO_Nano,0.6881621986654961,0.75
YumeNoKayoiji_050.jpg,P2_YOLO_Det_Nano + SAM,0.9636869006098461,1.0
Raphael_076.jpg,P1_YOLO_Nano,0.8328752703227651,0.875
Raphael_076.jpg,P2_YOLO_Det_Nano + SAM,0.9617768765675693,1.0
MiraiSan_043.jpg,P1_YOLO_Nano,0.8555558301036685,0.9411764705882353
MiraiSan_043.jpg,P2_YOLO_Det_Nano + SAM,0.8871400329504247,0.9411764705882353
AppareKappore_016.jpg,P1_YOLO_Nano,0.7778113118468586,0.8461538461538461
AppareKappore_016.jpg,P2_YOLO_Det_Nano + SAM,0.8724167878118726,0.9230769230769231
MomoyamaHaikagura_030.jpg,P1_YOLO_Nano,0.8781109261646951,0.9333333333333333
MomoyamaHaikagura_030.jpg,P2_YOLO_Det_Nano + SAM,0.8688109981652228,0.9333333333333333
Ningyoushi_044.jpg,P1_YOLO_Nano,0.9232928221184462,1.0
Ningyoushi_044.jpg,P2_YOLO_Det_Nano + SAM,0.9632246333113254,1.0
Joouari_069.jpg,P1_YOLO_Nano,0.7728884386940057,0.8571428571428571
Joouari_069.jpg,P2_YOLO_Det_Nano + SAM,0.8188535991771925,0.8571428571428571
YoumaKourin_090.jpg,P1_YOLO_Nano,0.4091245083081069,0.5
YoumaKourin_090.jpg,P2_YOLO_Det_Nano + SAM,0.8584673039413964,1.0
MiraiSan_103.jpg,P1_YOLO_Nano,0.9292987872763283,1.0
MiraiSan_103.jpg,P2_YOLO_Det_Nano + SAM,0.9578441121405904,1.0
TasogareTsushin_086.jpg,P1_YOLO_Nano,0.8321065781373758,0.8888888888888888
TasogareTsushin_086.jpg,P2_YOLO_Det_Nano + SAM,0.758770508752151,0.7777777777777778
EienNoWith_098.jpg,P1_YOLO_Nano,0.8779186675954683,0.9411764705882353
EienNoWith_098.jpg,P2_YOLO_Det_Nano + SAM,0.9655026087565022,1.0
PrayerHaNemurenai_035.jpg,P1_YOLO_Nano,0.8510152925416314,0.95
PrayerHaNemurenai_035.jpg,P2_YOLO_Det_Nano + SAM,0.7983117494952058,0.85
OL_Lunch_048.jpg,P1_YOLO_Nano,0.8722433051331311,0.95
OL_Lunch_048.jpg,P2_YOLO_Det_Nano + SAM,0.8618478918227732,0.9
Jyovolley_036.jpg,P1_YOLO_Nano,0.7855791094701035,1.0
Jyovolley_036.jpg,P2_YOLO_Det_Nano + SAM,0.46600816184654187,0.6666666666666666
UchuKigekiM774_076.jpg,P1_YOLO_Nano,0.9032681218957719,0.9583333333333334
UchuKigekiM774_076.jpg,P2_YOLO_Det_Nano + SAM,0.9362928058413775,0.9583333333333334
TotteokiNoABC_005.jpg,P1_YOLO_Nano,0.8698224973367372,1.0
TotteokiNoABC_005.jpg,P2_YOLO_Det_Nano + SAM,0.9090285159453744,1.0
MAD_STONE_080.jpg,P1_YOLO_Nano,0.925464343373899,1.0
MAD_STONE_080.jpg,P2_YOLO_Det_Nano + SAM,0.9623583360127347,1.0
LoveHina_vol14_010.jpg,P1_YOLO_Nano,0.9057923834336624,1.0
LoveHina_vol14_010.jpg,P2_YOLO_Det_Nano + SAM,0.890563751822622,0.9375
KoukouNoHitotachi_001.jpg,P1_YOLO_Nano,0.8543634697959065,0.9230769230769231
KoukouNoHitotachi_001.jpg,P2_YOLO_Det_Nano + SAM,0.9294518491026724,0.9615384615384616
Hamlet_103.jpg,P1_YOLO_Nano,0.9029888975415884,1.0
Hamlet_103.jpg,P2_YOLO_Det_Nano + SAM,0.9002825100152272,0.9545454545454546
LoveHina_vol14_087.jpg,P1_YOLO_Nano,0.8395674892649733,0.9615384615384616
LoveHina_vol14_087.jpg,P2_YOLO_Det_Nano + SAM,0.906937320473358,1.0
RinToSiteSippuNoNaka_080.jpg,P1_YOLO_Nano,0.9471456391512647,1.0
RinToSiteSippuNoNaka_080.jpg,P2_YOLO_Det_Nano + SAM,0.9652839962987493,1.0
DualJustice_015.jpg,P1_YOLO_Nano,0.5896222041654412,0.6666666666666666
DualJustice_015.jpg,P2_YOLO_Det_Nano + SAM,0.6319199524219953,0.6666666666666666
YasasiiAkuma_011.jpg,P1_YOLO_Nano,0.9144311951773082,1.0
YasasiiAkuma_011.jpg,P2_YOLO_Det_Nano + SAM,0.9170383348774468,0.9411764705882353
MisutenaideDaisy_049.jpg,P1_YOLO_Nano,0.8399974514233484,1.0
MisutenaideDaisy_049.jpg,P2_YOLO_Det_Nano + SAM,0.7535927878325055,0.8333333333333334
HeiseiJimen_099.jpg,P1_YOLO_Nano,0.7521195557359278,0.8333333333333334
HeiseiJimen_099.jpg,P2_YOLO_Det_Nano + SAM,0.5994314851565411,0.6666666666666666
Donburakokko_083.jpg,P1_YOLO_Nano,0.7476090801485308,0.8
Donburakokko_083.jpg,P2_YOLO_Det_Nano + SAM,0.7590790928537492,0.8
KimiHaBokuNoTaiyouDa_005.jpg,P1_YOLO_Nano,0.926085195296825,1.0
KimiHaBokuNoTaiyouDa_005.jpg,P2_YOLO_Det_Nano + SAM,0.9075545520770191,0.9444444444444444
SaladDays_vol18_043.jpg,P1_YOLO_Nano,0.772186057284067,0.8333333333333334
SaladDays_vol18_043.jpg,P2_YOLO_Det_Nano + SAM,0.7884043425586621,0.8333333333333334
MadouTaiga_043.jpg,P1_YOLO_Nano,0.9076111929726736,1.0
MadouTaiga_043.jpg,P2_YOLO_Det_Nano + SAM,0.9568342613014998,1.0
ShimatteIkouze_vol26_098.jpg,P1_YOLO_Nano,0.894650003576563,1.0
ShimatteIkouze_vol26_098.jpg,P2_YOLO_Det_Nano + SAM,0.8476998139608874,0.9230769230769231
MoeruOnisan_vol01_020.jpg,P1_YOLO_Nano,0.8021251295741327,0.8823529411764706
MoeruOnisan_vol01_020.jpg,P2_YOLO_Det_Nano + SAM,0.7177981237857862,0.7647058823529411
HeiseiJimen_071.jpg,P1_YOLO_Nano,0.9231584742754486,1.0
HeiseiJimen_071.jpg,P2_YOLO_Det_Nano + SAM,0.920549706864729,1.0
LoveHina_vol01_082.jpg,P1_YOLO_Nano,0.8302659838381843,0.9523809523809523
LoveHina_vol01_082.jpg,P2_YOLO_Det_Nano + SAM,0.8683415068484618,0.9523809523809523
KuroidoGanka_088.jpg,P1_YOLO_Nano,0.9438323337420311,1.0
KuroidoGanka_088.jpg,P2_YOLO_Det_Nano + SAM,0.9450316210092737,1.0
Joouari_027.jpg,P1_YOLO_Nano,0.8085045913333587,0.9090909090909091
Joouari_027.jpg,P2_YOLO_Det_Nano + SAM,0.9154613086194139,1.0
RinToSiteSippuNoNaka_059.jpg,P1_YOLO_Nano,0.9331405297194212,1.0
RinToSiteSippuNoNaka_059.jpg,P2_YOLO_Det_Nano + SAM,0.9579102447689988,1.0
GarakutayaManta_058.jpg,P1_YOLO_Nano,0.7412288137957113,0.8
GarakutayaManta_058.jpg,P2_YOLO_Det_Nano + SAM,0.5621696629108873,0.6
Nekodama_071.jpg,P1_YOLO_Nano,0.9430232629669737,1.0
Nekodama_071.jpg,P2_YOLO_Det_Nano + SAM,0.9713144491257519,1.0
HaruichibanNoFukukoro_078.jpg,P1_YOLO_Nano,0.7113656720332174,0.85
HaruichibanNoFukukoro_078.jpg,P2_YOLO_Det_Nano + SAM,0.8137079569935792,0.9
HealingPlanet_049.jpg,P1_YOLO_Nano,0.9416163616011463,1.0
HealingPlanet_049.jpg,P2_YOLO_Det_Nano + SAM,0.9678077191492002,1.0
RisingGirl_093.jpg,P1_YOLO_Nano,0.8769185119558297,1.0
RisingGirl_093.jpg,P2_YOLO_Det_Nano + SAM,0.7085334729942082,0.75
Count3DeKimeteAgeru_038.jpg,P1_YOLO_Nano,0.9029068138062191,1.0
Count3DeKimeteAgeru_038.jpg,P2_YOLO_Det_Nano + SAM,0.9390265368681149,1.0
EienNoWith_069.jpg,P1_YOLO_Nano,0.8926840660121625,1.0
EienNoWith_069.jpg,P2_YOLO_Det_Nano + SAM,0.7732026628071099,0.8333333333333334
MemorySeijin_060.jpg,P1_YOLO_Nano,0.9220034484550935,1.0
MemorySeijin_060.jpg,P2_YOLO_Det_Nano + SAM,0.966397657139011,1.0
SonokiDeABC_034.jpg,P1_YOLO_Nano,0.6833614871935634,0.7
SonokiDeABC_034.jpg,P2_YOLO_Det_Nano + SAM,0.5961127213526042,0.6
BurariTessenTorimonocho_095.jpg,P1_YOLO_Nano,0.6733172102101436,0.75
BurariTessenTorimonocho_095.jpg,P2_YOLO_Det_Nano + SAM,0.8766933085798807,0.9375
YumeNoKayoiji_090.jpg,P1_YOLO_Nano,0.9427355540305202,1.0
YumeNoKayoiji_090.jpg,P2_YOLO_Det_Nano + SAM,0.9576838928601538,1.0
DollGun_017.jpg,P1_YOLO_Nano,0.9112236829800201,1.0
DollGun_017.jpg,P2_YOLO_Det_Nano + SAM,0.8436541012862009,0.9
SonokiDeABC_052.jpg,P1_YOLO_Nano,0.9313718577908898,1.0
SonokiDeABC_052.jpg,P2_YOLO_Det_Nano + SAM,0.964876392491807,1.0
Hamlet_107.jpg,P1_YOLO_Nano,0.8785511399091528,1.0
Hamlet_107.jpg,P2_YOLO_Det_Nano + SAM,0.7280683269059008,0.7777777777777778
AkkeraKanjinchou_012.jpg,P1_YOLO_Nano,0.851670238056626,0.9333333333333333
AkkeraKanjinchou_012.jpg,P2_YOLO_Det_Nano + SAM,0.9524715173171234,1.0
TasogareTsushin_074.jpg,P1_YOLO_Nano,0.9420798119541525,1.0
TasogareTsushin_074.jpg,P2_YOLO_Det_Nano + SAM,0.9711812406347315,1.0
HealingPlanet_020.jpg,P1_YOLO_Nano,0.9203300649168931,1.0
HealingPlanet_020.jpg,P2_YOLO_Det_Nano + SAM,0.7704604609533057,0.8333333333333334
MAD_STONE_018.jpg,P1_YOLO_Nano,0.9416399611890086,1.0
MAD_STONE_018.jpg,P2_YOLO_Det_Nano + SAM,0.9724328014023652,1.0
SamayoeruSyonenNiJunaiWo_051.jpg,P1_YOLO_Nano,0.9414676641302137,1.0
SamayoeruSyonenNiJunaiWo_051.jpg,P2_YOLO_Det_Nano + SAM,0.9696232863222374,1.0
KarappoHighschool_065.jpg,P1_YOLO_Nano,0.8723264298579918,0.9230769230769231
KarappoHighschool_065.jpg,P2_YOLO_Det_Nano + SAM,0.9310551225892228,1.0
Hamlet_076.jpg,P1_YOLO_Nano,0.6809067247767837,0.7777777777777778
Hamlet_076.jpg,P2_YOLO_Det_Nano + SAM,0.891963127121999,1.0
PsychoStaff_039.jpg,P1_YOLO_Nano,0.930108555693534,1.0
PsychoStaff_039.jpg,P2_YOLO_Det_Nano + SAM,0.7749660516566894,0.8181818181818182
NichijouSoup_034.jpg,P1_YOLO_Nano,0.8086820704614563,0.9
NichijouSoup_034.jpg,P2_YOLO_Det_Nano + SAM,0.9398741932580927,1.0
ShimatteIkouze_vol26_019.jpg,P1_YOLO_Nano,0.907745743145362,1.0
ShimatteIkouze_vol26_019.jpg,P2_YOLO_Det_Nano + SAM,0.9349645618932069,1.0
Saisoku_053.jpg,P1_YOLO_Nano,0.6772086155170146,0.75
Saisoku_053.jpg,P2_YOLO_Det_Nano + SAM,0.6778880251904352,0.75
Raphael_028.jpg,P1_YOLO_Nano,0.9419427089510428,1.0
Raphael_028.jpg,P2_YOLO_Det_Nano + SAM,0.8821273047675688,0.9090909090909091
Arisa_084.jpg,P1_YOLO_Nano,0.931143923562206,1.0
Arisa_084.jpg,P2_YOLO_Det_Nano + SAM,0.9726125523076486,1.0
MutekiBoukenSyakuma_049.jpg,P1_YOLO_Nano,0.68000235638132,0.7777777777777778
MutekiBoukenSyakuma_049.jpg,P2_YOLO_Det_Nano + SAM,0.619417905894132,0.6666666666666666
TaiyouNiSmash_046.jpg,P1_YOLO_Nano,0.7761465265274631,0.8666666666666667
TaiyouNiSmash_046.jpg,P2_YOLO_Det_Nano + SAM,0.8006116278503679,0.8666666666666667
MagicianLoad_067.jpg,P1_YOLO_Nano,0.8846496391352867,1.0
MagicianLoad_067.jpg,P2_YOLO_Det_Nano + SAM,0.9211319489513444,1.0
BakuretsuKungFuGirl_008.jpg,P1_YOLO_Nano,0.8648264989173485,0.9333333333333333
BakuretsuKungFuGirl_008.jpg,P2_YOLO_Det_Nano + SAM,0.9075644449497035,0.9333333333333333
TouyouKidan_076.jpg,P1_YOLO_Nano,0.9162679761857754,1.0
TouyouKidan_076.jpg,P2_YOLO_Det_Nano + SAM,0.9630746952215367,1.0
YamatoNoHane_015.jpg,P1_YOLO_Nano,0.6195570413061335,0.75
YamatoNoHane_015.jpg,P2_YOLO_Det_Nano + SAM,0.43793502753152797,0.5
GakuenNoise_014.jpg,P1_YOLO_Nano,0.8865078035533,1.0
GakuenNoise_014.jpg,P2_YOLO_Det_Nano + SAM,0.9197875164043042,1.0
Akuhamu_023.jpg,P1_YOLO_Nano,0.9307508320426855,1.0
Akuhamu_023.jpg,P2_YOLO_Det_Nano + SAM,0.9513377775552304,1.0
YumeiroCooking_007.jpg,P1_YOLO_Nano,0.8790126764584871,1.0
YumeiroCooking_007.jpg,P2_YOLO_Det_Nano + SAM,0.8639342269307523,0.9285714285714286
HarukaRefrain_078.jpg,P1_YOLO_Nano,0.8056131837884564,0.9090909090909091
HarukaRefrain_078.jpg,P2_YOLO_Det_Nano + SAM,0.8492543877273268,0.9090909090909091
MagicianLoad_045.jpg,P1_YOLO_Nano,0.9121596983652389,1.0
MagicianLoad_045.jpg,P2_YOLO_Det_Nano + SAM,0.9563993801886977,1.0
PikaruGenkiDesu_015.jpg,P1_YOLO_Nano,0.9432664012318207,1.0
PikaruGenkiDesu_015.jpg,P2_YOLO_Det_Nano + SAM,0.8868962859387922,0.9230769230769231
MagicianLoad_031.jpg,P1_YOLO_Nano,0.9291671585639154,1.0
MagicianLoad_031.jpg,P2_YOLO_Det_Nano + SAM,0.9669471336516301,1.0
MiraiSan_033.jpg,P1_YOLO_Nano,0.9188091052660669,1.0
MiraiSan_033.jpg,P2_YOLO_Det_Nano + SAM,0.9560799641425937,1.0
PrayerHaNemurenai_012.jpg,P1_YOLO_Nano,0.7378252597656414,0.8333333333333334
PrayerHaNemurenai_012.jpg,P2_YOLO_Det_Nano + SAM,0.7768542618236054,0.8333333333333334
MoeruOnisan_vol19_005.jpg,P1_YOLO_Nano,0.9324715184875265,1.0
MoeruOnisan_vol19_005.jpg,P2_YOLO_Det_Nano + SAM,0.9026291967804194,0.9354838709677419
KimiHaBokuNoTaiyouDa_001.jpg,P1_YOLO_Nano,0.9540248747049987,1.0
KimiHaBokuNoTaiyouDa_001.jpg,P2_YOLO_Det_Nano + SAM,0.9743474069491302,1.0
Count3DeKimeteAgeru_061.jpg,P1_YOLO_Nano,0.0,0.0
Count3DeKimeteAgeru_061.jpg,P2_YOLO_Det_Nano + SAM,0.0,0.0
ReveryEarth_015.jpg,P1_YOLO_Nano,0.9116156959827562,1.0
ReveryEarth_015.jpg,P2_YOLO_Det_Nano + SAM,0.9452207810873823,1.0
HighschoolKimengumi_vol01_064.jpg,P1_YOLO_Nano,0.9502655597885453,1.0
HighschoolKimengumi_vol01_064.jpg,P2_YOLO_Det_Nano + SAM,0.9370023967207362,1.0
Belmondo_079.jpg,P1_YOLO_Nano,0.8358770252321249,0.9090909090909091
Belmondo_079.jpg,P2_YOLO_Det_Nano + SAM,0.8660764938872382,0.9090909090909091
UchuKigekiM774_033.jpg,P1_YOLO_Nano,0.8936588291098895,0.9642857142857143
UchuKigekiM774_033.jpg,P2_YOLO_Det_Nano + SAM,0.8181315244265972,0.8571428571428571
Joouari_036.jpg,P1_YOLO_Nano,0.968786842327096,1.0
Joouari_036.jpg,P2_YOLO_Det_Nano + SAM,0.9870659778118918,1.0
MAD_STONE_042.jpg,P1_YOLO_Nano,0.9403768421232565,1.0
MAD_STONE_042.jpg,P2_YOLO_Det_Nano + SAM,0.9581199618120146,1.0
PLANET7_033.jpg,P1_YOLO_Nano,0.880835434077993,0.9
PLANET7_033.jpg,P2_YOLO_Det_Nano + SAM,0.8595265111362554,0.9
DualJustice_051.jpg,P1_YOLO_Nano,0.7692752394728395,1.0
DualJustice_051.jpg,P2_YOLO_Det_Nano + SAM,0.7328686049953195,1.0
UchiNoNyan'sDiary_030.jpg,P1_YOLO_Nano,0.9377486649650617,1.0
UchiNoNyan'sDiary_030.jpg,P2_YOLO_Det_Nano + SAM,0.9470207108077859,1.0
HaruichibanNoFukukoro_020.jpg,P1_YOLO_Nano,0.8791205973718808,1.0
HaruichibanNoFukukoro_020.jpg,P2_YOLO_Det_Nano + SAM,0.9051068220577119,1.0
LoveHina_vol01_061.jpg,P1_YOLO_Nano,0.8891283693829335,1.0
LoveHina_vol01_061.jpg,P2_YOLO_Det_Nano + SAM,0.9152334290949108,1.0
MadouTaiga_059.jpg,P1_YOLO_Nano,0.7254953027641435,0.8
MadouTaiga_059.jpg,P2_YOLO_Det_Nano + SAM,0.8970716029478363,1.0
Arisa_052.jpg,P1_YOLO_Nano,0.8508178091165004,0.9473684210526315
Arisa_052.jpg,P2_YOLO_Det_Nano + SAM,0.9465813418227673,1.0
YoumaKourin_098.jpg,P1_YOLO_Nano,0.9286891943716375,1.0
YoumaKourin_098.jpg,P2_YOLO_Det_Nano + SAM,0.9569323626854922,1.0
Donburakokko_014.jpg,P1_YOLO_Nano,0.8482333761559357,1.0
Donburakokko_014.jpg,P2_YOLO_Det_Nano + SAM,0.8435696774625081,1.0
HanzaiKousyouninMinegishiEitarou_087.jpg,P1_YOLO_Nano,0.9218379138130856,1.0
HanzaiKousyouninMinegishiEitarou_087.jpg,P2_YOLO_Det_Nano + SAM,0.9623078186336028,1.0
SeisinkiVulnus_008.jpg,P1_YOLO_Nano,0.8010094588039631,0.9333333333333333
SeisinkiVulnus_008.jpg,P2_YOLO_Det_Nano + SAM,0.6406462627861577,0.7333333333333333
TennenSenshiG_031.jpg,P1_YOLO_Nano,0.9328737261867778,1.0
TennenSenshiG_031.jpg,P2_YOLO_Det_Nano + SAM,0.9467088020832959,1.0
RisingGirl_097.jpg,P1_YOLO_Nano,0.8814412735578472,0.9615384615384616
RisingGirl_097.jpg,P2_YOLO_Det_Nano + SAM,0.9596185744210062,1.0
Akuhamu_008.jpg,P1_YOLO_Nano,0.9150221120876719,1.0
Akuhamu_008.jpg,P2_YOLO_Det_Nano + SAM,0.8378773749264066,0.8888888888888888
LoveHina_vol14_018.jpg,P1_YOLO_Nano,0.8597778373490614,0.9583333333333334
LoveHina_vol14_018.jpg,P2_YOLO_Det_Nano + SAM,0.9376221274557689,1.0
TapkunNoTanteisitsu_003.jpg,P1_YOLO_Nano,0.8218730658731048,0.8888888888888888
TapkunNoTanteisitsu_003.jpg,P2_YOLO_Det_Nano + SAM,0.8517994900316432,0.8888888888888888
MAD_STONE_024.jpg,P1_YOLO_Nano,0.9603274412928243,1.0
MAD_STONE_024.jpg,P2_YOLO_Det_Nano + SAM,0.9799551858479866,1.0
TsubasaNoKioku_071.jpg,P1_YOLO_Nano,0.7785355850239075,1.0
TsubasaNoKioku_071.jpg,P2_YOLO_Det_Nano + SAM,0.7710194514894722,1.0
TapkunNoTanteisitsu_067.jpg,P1_YOLO_Nano,0.8415995357678219,0.9
TapkunNoTanteisitsu_067.jpg,P2_YOLO_Det_Nano + SAM,0.9623620575798961,1.0
TetsuSan_024.jpg,P1_YOLO_Nano,0.937101857530384,1.0
TetsuSan_024.jpg,P2_YOLO_Det_Nano + SAM,0.9565061678931517,1.0
HisokaReturns_072.jpg,P1_YOLO_Nano,0.9236524981079705,1.0
HisokaReturns_072.jpg,P2_YOLO_Det_Nano + SAM,0.950683497005352,1.0
Raphael_020.jpg,P1_YOLO_Nano,0.9307359597407914,1.0
Raphael_020.jpg,P2_YOLO_Det_Nano + SAM,0.9579185603642575,1.0
JangiriPonpon_006.jpg,P1_YOLO_Nano,0.8738090151688526,0.9375
JangiriPonpon_006.jpg,P2_YOLO_Det_Nano + SAM,0.9113087815942187,0.9375
LancelotFullThrottle_052.jpg,P1_YOLO_Nano,0.7958027722729688,0.875
LancelotFullThrottle_052.jpg,P2_YOLO_Det_Nano + SAM,0.8244472935906284,0.875
BokuHaSitatakaKun_002.jpg,P1_YOLO_Nano,0.890196766082005,1.0
BokuHaSitatakaKun_002.jpg,P2_YOLO_Det_Nano + SAM,0.8360617338157162,0.8888888888888888
EverydayOsakanaChan_052.jpg,P1_YOLO_Nano,0.9218392652226016,1.0
EverydayOsakanaChan_052.jpg,P2_YOLO_Det_Nano + SAM,0.8545019257908959,0.9090909090909091
JijiBabaFight_063.jpg,P1_YOLO_Nano,0.9232553611647929,1.0
JijiBabaFight_063.jpg,P2_YOLO_Det_Nano + SAM,0.8980304634528389,0.9444444444444444
YumeiroCooking_073.jpg,P1_YOLO_Nano,0.9175705565491262,1.0
YumeiroCooking_073.jpg,P2_YOLO_Det_Nano + SAM,0.9513869580171576,1.0
TotteokiNoABC_057.jpg,P1_YOLO_Nano,0.6315839429330092,0.75
TotteokiNoABC_057.jpg,P2_YOLO_Det_Nano + SAM,0.7130696230708695,0.75
KyokugenCyclone_045.jpg,P1_YOLO_Nano,0.9054663127443252,1.0
KyokugenCyclone_045.jpg,P2_YOLO_Det_Nano + SAM,0.9238491722468729,1.0
Raphael_053.jpg,P1_YOLO_Nano,0.9371153353712472,1.0
Raphael_053.jpg,P2_YOLO_Det_Nano + SAM,0.9569032376867918,1.0
DollGun_028.jpg,P1_YOLO_Nano,0.7474915040083953,0.8333333333333334
DollGun_028.jpg,P2_YOLO_Det_Nano + SAM,0.8315908890031052,0.9166666666666666
ByebyeC-BOY_008.jpg,P1_YOLO_Nano,0.8451493147220435,0.9375
ByebyeC-BOY_008.jpg,P2_YOLO_Det_Nano + SAM,0.9304181033051855,1.0
MiraiSan_011.jpg,P1_YOLO_Nano,0.9225817195139538,1.0
MiraiSan_011.jpg,P2_YOLO_Det_Nano + SAM,0.9532367169228126,1.0
SonokiDeABC_010.jpg,P1_YOLO_Nano,0.6181732274738735,0.6875
SonokiDeABC_010.jpg,P2_YOLO_Det_Nano + SAM,0.7041169583829336,0.75
SonokiDeABC_091.jpg,P1_YOLO_Nano,0.7183021548292352,0.8181818181818182
SonokiDeABC_091.jpg,P2_YOLO_Det_Nano + SAM,0.7682241506803219,0.8181818181818182
ARMS_006.jpg,P1_YOLO_Nano,0.8062438257990011,0.9230769230769231
ARMS_006.jpg,P2_YOLO_Det_Nano + SAM,0.8239359548456089,0.9230769230769231
MemorySeijin_089.jpg,P1_YOLO_Nano,0.9200253019496949,1.0
MemorySeijin_089.jpg,P2_YOLO_Det_Nano + SAM,0.9733842337414652,1.0
ByebyeC-BOY_045.jpg,P1_YOLO_Nano,0.8547550014594912,1.0
ByebyeC-BOY_045.jpg,P2_YOLO_Det_Nano + SAM,0.921995439717794,1.0
TaiyouNiSmash_056.jpg,P1_YOLO_Nano,0.8244239662468846,0.9230769230769231
TaiyouNiSmash_056.jpg,P2_YOLO_Det_Nano + SAM,0.6349787390003983,0.6923076923076923
DollGun_024.jpg,P1_YOLO_Nano,0.9394751676700486,1.0
DollGun_024.jpg,P2_YOLO_Det_Nano + SAM,0.8276526881175242,0.875
Donburakokko_030.jpg,P1_YOLO_Nano,0.859850571350569,0.9047619047619048
Donburakokko_030.jpg,P2_YOLO_Det_Nano + SAM,0.9709723148833349,1.0
JijiBabaFight_061.jpg,P1_YOLO_Nano,0.9125429845521991,0.9583333333333334
JijiBabaFight_061.jpg,P2_YOLO_Det_Nano + SAM,0.8693073447211784,0.875
PlatinumJungle_004.jpg,P1_YOLO_Nano,0.5713957158533307,0.6666666666666666
PlatinumJungle_004.jpg,P2_YOLO_Det_Nano + SAM,0.8228263178591522,0.8888888888888888
KyokugenCyclone_052.jpg,P1_YOLO_Nano,0.6996670952420658,0.75
KyokugenCyclone_052.jpg,P2_YOLO_Det_Nano + SAM,0.7152822003612294,0.75
LancelotFullThrottle_057.jpg,P1_YOLO_Nano,0.9175002737721839,1.0
LancelotFullThrottle_057.jpg,P2_YOLO_Det_Nano + SAM,0.9445093993520352,1.0
YumeiroCooking_043.jpg,P1_YOLO_Nano,0.9035115318839446,1.0
YumeiroCooking_043.jpg,P2_YOLO_Det_Nano + SAM,0.8358331380765051,0.8823529411764706
TotteokiNoABC_016.jpg,P1_YOLO_Nano,0.7548641025482664,0.8888888888888888
TotteokiNoABC_016.jpg,P2_YOLO_Det_Nano + SAM,0.7873963135124651,0.8888888888888888
ShimatteIkouze_vol26_038.jpg,P1_YOLO_Nano,0.8433605094384082,1.0
ShimatteIkouze_vol26_038.jpg,P2_YOLO_Det_Nano + SAM,0.6457343181993246,0.75
RinToSiteSippuNoNaka_019.jpg,P1_YOLO_Nano,0.8668282201671748,1.0
RinToSiteSippuNoNaka_019.jpg,P2_YOLO_Det_Nano + SAM,0.7793736561380641,0.8571428571428571
AkkeraKanjinchou_035.jpg,P1_YOLO_Nano,0.9207736137374948,1.0
AkkeraKanjinchou_035.jpg,P2_YOLO_Det_Nano + SAM,0.9421720563105823,1.0
TaiyouNiSmash_017.jpg,P1_YOLO_Nano,0.9276742866910805,1.0
TaiyouNiSmash_017.jpg,P2_YOLO_Det_Nano + SAM,0.9511966436889955,1.0
ParaisoRoad_094.jpg,P1_YOLO_Nano,0.9353404935985092,1.0
ParaisoRoad_094.jpg,P2_YOLO_Det_Nano + SAM,0.9666775381125967,1.0
RinToSiteSippuNoNaka_036.jpg,P1_YOLO_Nano,0.8506443835179964,0.8888888888888888
RinToSiteSippuNoNaka_036.jpg,P2_YOLO_Det_Nano + SAM,0.9652738440722961,1.0
Hamlet_035.jpg,P1_YOLO_Nano,0.9026840397510382,1.0
Hamlet_035.jpg,P2_YOLO_Det_Nano + SAM,0.858391973455376,0.9047619047619048
EvaLady_048.jpg,P1_YOLO_Nano,0.7247905676361406,0.8333333333333334
EvaLady_048.jpg,P2_YOLO_Det_Nano + SAM,0.7705283807152445,0.8333333333333334
HanzaiKousyouninMinegishiEitarou_008.jpg,P1_YOLO_Nano,0.9374582758735479,1.0
HanzaiKousyouninMinegishiEitarou_008.jpg,P2_YOLO_Det_Nano + SAM,0.9647338643339278,1.0
ShimatteIkouze_vol01_073.jpg,P1_YOLO_Nano,0.7429479933995363,0.7916666666666666
ShimatteIkouze_vol01_073.jpg,P2_YOLO_Det_Nano + SAM,0.735471097856122,0.75
KimiHaBokuNoTaiyouDa_066.jpg,P1_YOLO_Nano,0.9418035492187652,1.0
KimiHaBokuNoTaiyouDa_066.jpg,P2_YOLO_Det_Nano + SAM,0.9554760452807984,1.0
DualJustice_026.jpg,P1_YOLO_Nano,0.9331071266057779,1.0
DualJustice_026.jpg,P2_YOLO_Det_Nano + SAM,0.8969249715663323,0.9230769230769231
UchiNoNyan'sDiary_079.jpg,P1_YOLO_Nano,0.0,0.0
UchiNoNyan'sDiary_079.jpg,P2_YOLO_Det_Nano + SAM,0.8035609590390295,1.0
MiraiSan_096.jpg,P1_YOLO_Nano,0.8689059440959952,0.95
MiraiSan_096.jpg,P2_YOLO_Det_Nano + SAM,0.908011744072631,0.95
PsychoStaff_051.jpg,P1_YOLO_Nano,0.9172852080410246,1.0
PsychoStaff_051.jpg,P2_YOLO_Det_Nano + SAM,0.9555528546837759,1.0
YumeiroCooking_005.jpg,P1_YOLO_Nano,0.9074567903280594,1.0
YumeiroCooking_005.jpg,P2_YOLO_Det_Nano + SAM,0.961537953315432,1.0
EienNoWith_055.jpg,P1_YOLO_Nano,0.7052237465108943,0.8
EienNoWith_055.jpg,P2_YOLO_Det_Nano + SAM,0.8540904846339954,0.9
AkkeraKanjinchou_064.jpg,P1_YOLO_Nano,0.8133184445286852,0.9090909090909091
AkkeraKanjinchou_064.jpg,P2_YOLO_Det_Nano + SAM,0.8190117738946522,0.9090909090909091
BEMADER_P_041.jpg,P1_YOLO_Nano,0.9358395122808338,1.0
BEMADER_P_041.jpg,P2_YOLO_Det_Nano + SAM,0.8627276488235118,0.8947368421052632
TsubasaNoKioku_075.jpg,P1_YOLO_Nano,0.7298065456400592,0.8333333333333334
TsubasaNoKioku_075.jpg,P2_YOLO_Det_Nano + SAM,0.7712575907296028,0.8333333333333334
ToutaMairimasu_070.jpg,P1_YOLO_Nano,0.7236689544694853,0.8
ToutaMairimasu_070.jpg,P2_YOLO_Det_Nano + SAM,0.7292552798972135,0.8
That'sIzumiko_121.jpg,P1_YOLO_Nano,0.7658822223734507,0.8666666666666667
That'sIzumiko_121.jpg,P2_YOLO_Det_Nano + SAM,0.8597915734739222,0.9333333333333333
RinToSiteSippuNoNaka_099.jpg,P1_YOLO_Nano,0.9592637089927207,1.0
RinToSiteSippuNoNaka_099.jpg,P2_YOLO_Det_Nano + SAM,0.9743183876312562,1.0
HinagikuKenzan_063.jpg,P1_YOLO_Nano,0.9258618896637069,1.0
HinagikuKenzan_063.jpg,P2_YOLO_Det_Nano + SAM,0.9550283911909254,1.0
WarewareHaOniDearu_078.jpg,P1_YOLO_Nano,0.8964896850136405,1.0
WarewareHaOniDearu_078.jpg,P2_YOLO_Det_Nano + SAM,0.9625192400478715,1.0
MoeruOnisan_vol19_031.jpg,P1_YOLO_Nano,0.910365889524737,1.0
MoeruOnisan_vol19_031.jpg,P2_YOLO_Det_Nano + SAM,0.9179707704900595,1.0
PrismHeart_081.jpg,P1_YOLO_Nano,0.8287125806994,0.9
PrismHeart_081.jpg,P2_YOLO_Det_Nano + SAM,0.8080079466504115,0.9
Raphael_089.jpg,P1_YOLO_Nano,0.9377526626660022,1.0
Raphael_089.jpg,P2_YOLO_Det_Nano + SAM,0.8991723558656108,0.9333333333333333
ParaisoRoad_035.jpg,P1_YOLO_Nano,0.7999518735560469,0.8947368421052632
ParaisoRoad_035.jpg,P2_YOLO_Det_Nano + SAM,0.7650490643805014,0.8421052631578947
GOOD_KISS_Ver2_069.jpg,P1_YOLO_Nano,0.8235437594171209,0.9
GOOD_KISS_Ver2_069.jpg,P2_YOLO_Det_Nano + SAM,0.9516304244202279,1.0
MiraiSan_091.jpg,P1_YOLO_Nano,0.8403254308203914,0.9166666666666666
MiraiSan_091.jpg,P2_YOLO_Det_Nano + SAM,0.9480131977887184,1.0
PikaruGenkiDesu_051.jpg,P1_YOLO_Nano,0.8451176689745988,1.0
PikaruGenkiDesu_051.jpg,P2_YOLO_Det_Nano + SAM,0.5491066787662403,0.6
KimiHaBokuNoTaiyouDa_056.jpg,P1_YOLO_Nano,0.8643066992073044,0.9333333333333333
KimiHaBokuNoTaiyouDa_056.jpg,P2_YOLO_Det_Nano + SAM,0.8782092196116317,0.9333333333333333
BakuretsuKungFuGirl_058.jpg,P1_YOLO_Nano,0.8625873524848626,0.96
BakuretsuKungFuGirl_058.jpg,P2_YOLO_Det_Nano + SAM,0.8743060897836779,0.92
UnbalanceTokyo_068.jpg,P1_YOLO_Nano,0.8789802187977558,1.0
UnbalanceTokyo_068.jpg,P2_YOLO_Det_Nano + SAM,0.8624888340116531,0.9090909090909091
DualJustice_049.jpg,P1_YOLO_Nano,0.929233516697159,1.0
DualJustice_049.jpg,P2_YOLO_Det_Nano + SAM,0.9542837809636584,1.0
BurariTessenTorimonocho_105.jpg,P1_YOLO_Nano,0.8750183511099475,0.9375
BurariTessenTorimonocho_105.jpg,P2_YOLO_Det_Nano + SAM,0.9567263571408398,1.0
RisingGirl_111.jpg,P1_YOLO_Nano,0.6960809417841259,0.75
RisingGirl_111.jpg,P2_YOLO_Det_Nano + SAM,0.7212092404690302,0.75
HarukaRefrain_093.jpg,P1_YOLO_Nano,0.9165703030185907,1.0
HarukaRefrain_093.jpg,P2_YOLO_Det_Nano + SAM,0.9604054541760855,1.0
JijiBabaFight_039.jpg,P1_YOLO_Nano,0.9199552379046979,1.0
JijiBabaFight_039.jpg,P2_YOLO_Det_Nano + SAM,0.9511653287316616,1.0
DualJustice_080.jpg,P1_YOLO_Nano,0.9214178287718124,1.0
DualJustice_080.jpg,P2_YOLO_Det_Nano + SAM,0.9549176867851407,1.0
GakuenNoise_039.jpg,P1_YOLO_Nano,0.9049091920866948,1.0
GakuenNoise_039.jpg,P2_YOLO_Det_Nano + SAM,0.9412155992930035,1.0
ByebyeC-BOY_040.jpg,P1_YOLO_Nano,0.8392025565433455,0.9285714285714286
ByebyeC-BOY_040.jpg,P2_YOLO_Det_Nano + SAM,0.9532993109720211,1.0
Count3DeKimeteAgeru_013.jpg,P1_YOLO_Nano,0.6172097284767756,0.7142857142857143
Count3DeKimeteAgeru_013.jpg,P2_YOLO_Det_Nano + SAM,0.6340892700950796,0.7142857142857143
MeteoSanStrikeDesu_087.jpg,P1_YOLO_Nano,0.7328194850507821,0.8
MeteoSanStrikeDesu_087.jpg,P2_YOLO_Det_Nano + SAM,0.8135810398184576,0.9
GinNoChimera_062.jpg,P1_YOLO_Nano,0.6141660852797687,0.6666666666666666
GinNoChimera_062.jpg,P2_YOLO_Det_Nano + SAM,0.9299612764202582,1.0
PsychoStaff_066.jpg,P1_YOLO_Nano,0.9277352772315982,1.0
PsychoStaff_066.jpg,P2_YOLO_Det_Nano + SAM,0.9613399287415161,1.0
OhWareraRettouSeitokai_008.jpg,P1_YOLO_Nano,0.7490871374748118,0.9090909090909091
OhWareraRettouSeitokai_008.jpg,P2_YOLO_Det_Nano + SAM,0.801333590549966,0.9090909090909091
UchuKigekiM774_040.jpg,P1_YOLO_Nano,0.9325030975040587,1.0
UchuKigekiM774_040.jpg,P2_YOLO_Det_Nano + SAM,0.8872634657929264,0.9444444444444444
KuroidoGanka_074.jpg,P1_YOLO_Nano,0.8983983029008987,1.0
KuroidoGanka_074.jpg,P2_YOLO_Det_Nano + SAM,0.8965653595948746,1.0
JangiriPonpon_072.jpg,P1_YOLO_Nano,0.9346919579411361,1.0
JangiriPonpon_072.jpg,P2_YOLO_Det_Nano + SAM,0.9408608364750087,1.0
TapkunNoTanteisitsu_034.jpg,P1_YOLO_Nano,0.9457443810928066,1.0
TapkunNoTanteisitsu_034.jpg,P2_YOLO_Det_Nano + SAM,0.972282310156125,1.0
HeiseiJimen_105.jpg,P1_YOLO_Nano,0.8072554552162021,0.8947368421052632
HeiseiJimen_105.jpg,P2_YOLO_Det_Nano + SAM,0.9122783796538275,1.0
Saisoku_052.jpg,P1_YOLO_Nano,0.8930036886030804,1.0
Saisoku_052.jpg,P2_YOLO_Det_Nano + SAM,0.9193693896597448,1.0
SonokiDeABC_096.jpg,P1_YOLO_Nano,0.8217851163749123,0.9166666666666666
SonokiDeABC_096.jpg,P2_YOLO_Det_Nano + SAM,0.9524125216179903,1.0
TouyouKidan_028.jpg,P1_YOLO_Nano,0.9411795655211151,1.0
TouyouKidan_028.jpg,P2_YOLO_Det_Nano + SAM,0.9628250459807338,1.0
YumeNoKayoiji_086.jpg,P1_YOLO_Nano,0.8959780199921176,1.0
YumeNoKayoiji_086.jpg,P2_YOLO_Det_Nano + SAM,0.9408887358552814,1.0
BokuHaSitatakaKun_034.jpg,P1_YOLO_Nano,0.7113280628235497,0.8076923076923077
BokuHaSitatakaKun_034.jpg,P2_YOLO_Det_Nano + SAM,0.7743925736550923,0.8076923076923077
AisazuNihaIrarenai_076.jpg,P1_YOLO_Nano,0.9032433409636789,1.0
AisazuNihaIrarenai_076.jpg,P2_YOLO_Det_Nano + SAM,0.7982394817400156,0.8333333333333334
Saisoku_085.jpg,P1_YOLO_Nano,0.29873673317412225,0.3333333333333333
Saisoku_085.jpg,P2_YOLO_Det_Nano + SAM,0.3172585274768304,0.3333333333333333
Akuhamu_017.jpg,P1_YOLO_Nano,0.9221766013141263,1.0
Akuhamu_017.jpg,P2_YOLO_Det_Nano + SAM,0.8852202106429441,0.9285714285714286
TasogareTsushin_029.jpg,P1_YOLO_Nano,0.8864768158770998,1.0
TasogareTsushin_029.jpg,P2_YOLO_Det_Nano + SAM,0.8455877712256122,0.9166666666666666
LoveHina_vol14_091.jpg,P1_YOLO_Nano,0.8214787331698363,0.9090909090909091
LoveHina_vol14_091.jpg,P2_YOLO_Det_Nano + SAM,0.8417685304736282,0.9090909090909091
Ningyoushi_014.jpg,P1_YOLO_Nano,0.7020498419346969,0.75
Ningyoushi_014.jpg,P2_YOLO_Det_Nano + SAM,0.96198590186244,1.0
TetsuSan_016.jpg,P1_YOLO_Nano,0.9383444263963995,1.0
TetsuSan_016.jpg,P2_YOLO_Det_Nano + SAM,0.9528518930461509,1.0
UchuKigekiM774_015.jpg,P1_YOLO_Nano,0.89459562489611,0.9565217391304348
UchuKigekiM774_015.jpg,P2_YOLO_Det_Nano + SAM,0.8723909841921171,0.9130434782608695
SyabondamaKieta_069.jpg,P1_YOLO_Nano,0.9278793637299102,1.0
SyabondamaKieta_069.jpg,P2_YOLO_Det_Nano + SAM,0.9748131491284231,1.0
AisazuNihaIrarenai_028.jpg,P1_YOLO_Nano,0.847912634891741,1.0
AisazuNihaIrarenai_028.jpg,P2_YOLO_Det_Nano + SAM,0.5720943579099882,0.6666666666666666
YouchienBoueigumi_017.jpg,P1_YOLO_Nano,0.8414904803443689,0.9230769230769231
YouchienBoueigumi_017.jpg,P2_YOLO_Det_Nano + SAM,0.8428731815978138,0.9230769230769231
EverydayOsakanaChan_016.jpg,P1_YOLO_Nano,0.8978677866406889,1.0
EverydayOsakanaChan_016.jpg,P2_YOLO_Det_Nano + SAM,0.9141954709858678,0.9523809523809523
Arisa_053.jpg,P1_YOLO_Nano,0.901870369629686,1.0
Arisa_053.jpg,P2_YOLO_Det_Nano + SAM,0.8915237483132348,0.9333333333333333
TennenSenshiG_037.jpg,P1_YOLO_Nano,0.8849357352077735,1.0
TennenSenshiG_037.jpg,P2_YOLO_Det_Nano + SAM,0.8682641773014439,0.9444444444444444
YukiNoFuruMachi_056.jpg,P1_YOLO_Nano,0.916690376446625,1.0
YukiNoFuruMachi_056.jpg,P2_YOLO_Det_Nano + SAM,0.8212186134799262,0.875
GarakutayaManta_068.jpg,P1_YOLO_Nano,0.876517093666465,1.0
GarakutayaManta_068.jpg,P2_YOLO_Det_Nano + SAM,0.7787794212040652,0.8333333333333334
KuroidoGanka_016.jpg,P1_YOLO_Nano,0.9324982128454726,1.0
KuroidoGanka_016.jpg,P2_YOLO_Det_Nano + SAM,0.951613981308111,1.0
KuroidoGanka_075.jpg,P1_YOLO_Nano,0.8725193971137674,0.9545454545454546
KuroidoGanka_075.jpg,P2_YOLO_Det_Nano + SAM,0.9109584229636056,0.9545454545454546
YukiNoFuruMachi_045.jpg,P1_YOLO_Nano,0.8779859529420896,0.9411764705882353
YukiNoFuruMachi_045.jpg,P2_YOLO_Det_Nano + SAM,0.8629572729926658,0.9411764705882353
SonokiDeABC_070.jpg,P1_YOLO_Nano,0.9262758287042908,1.0
SonokiDeABC_070.jpg,P2_YOLO_Det_Nano + SAM,0.8590152115797988,0.8888888888888888
JangiriPonpon_025.jpg,P1_YOLO_Nano,0.8028155595152278,0.8823529411764706
JangiriPonpon_025.jpg,P2_YOLO_Det_Nano + SAM,0.893861524439166,0.9411764705882353
MemorySeijin_048.jpg,P1_YOLO_Nano,0.9311640650834355,1.0
MemorySeijin_048.jpg,P2_YOLO_Det_Nano + SAM,0.9756759148196387,1.0
RinToSiteSippuNoNaka_092.jpg,P1_YOLO_Nano,0.9521944508028906,1.0
RinToSiteSippuNoNaka_092.jpg,P2_YOLO_Det_Nano + SAM,0.978677459539225,1.0
TennenSenshiG_075.jpg,P1_YOLO_Nano,0.7520101978105382,0.8888888888888888
TennenSenshiG_075.jpg,P2_YOLO_Det_Nano + SAM,0.6978708633735112,0.7777777777777778
HaruichibanNoFukukoro_077.jpg,P1_YOLO_Nano,0.8583428460558963,1.0
HaruichibanNoFukukoro_077.jpg,P2_YOLO_Det_Nano + SAM,0.8619663545388908,0.9411764705882353
Nekodama_050.jpg,P1_YOLO_Nano,0.9183678883207588,1.0
Nekodama_050.jpg,P2_YOLO_Det_Nano + SAM,0.8618012180357738,0.9166666666666666
TapkunNoTanteisitsu_061.jpg,P1_YOLO_Nano,0.8495058572694083,0.8888888888888888
TapkunNoTanteisitsu_061.jpg,P2_YOLO_Det_Nano + SAM,0.9739363118910129,1.0
MoeruOnisan_vol19_008.jpg,P1_YOLO_Nano,0.9292668458282943,1.0
MoeruOnisan_vol19_008.jpg,P2_YOLO_Det_Nano + SAM,0.9667338629196082,1.0
YamatoNoHane_067.jpg,P1_YOLO_Nano,0.5739451763660739,0.6
YamatoNoHane_067.jpg,P2_YOLO_Det_Nano + SAM,0.7725772362488835,0.8
Hamlet_159.jpg,P1_YOLO_Nano,0.8690415584391278,0.9375
Hamlet_159.jpg,P2_YOLO_Det_Nano + SAM,0.8358266218944908,0.875
BurariTessenTorimonocho_020.jpg,P1_YOLO_Nano,0.92083750537739,1.0
BurariTessenTorimonocho_020.jpg,P2_YOLO_Det_Nano + SAM,0.9544722338484157,1.0
EverydayOsakanaChan_044.jpg,P1_YOLO_Nano,0.8330961317056582,0.9047619047619048
EverydayOsakanaChan_044.jpg,P2_YOLO_Det_Nano + SAM,0.8643379662778624,0.9047619047619048
YamatoNoHane_054.jpg,P1_YOLO_Nano,0.945926773829774,1.0
YamatoNoHane_054.jpg,P2_YOLO_Det_Nano + SAM,0.9569127901601402,1.0
RisingGirl_071.jpg,P1_YOLO_Nano,0.8136699129851639,1.0
RisingGirl_071.jpg,P2_YOLO_Det_Nano + SAM,0.6940278725114865,0.8333333333333334
MadouTaiga_049.jpg,P1_YOLO_Nano,0.822316850835715,0.9166666666666666
MadouTaiga_049.jpg,P2_YOLO_Det_Nano + SAM,0.8398206867269988,0.9166666666666666
PLANET7_021.jpg,P1_YOLO_Nano,0.7615377756812158,0.8421052631578947
PLANET7_021.jpg,P2_YOLO_Det_Nano + SAM,0.7786463729073256,0.8421052631578947
BurariTessenTorimonocho_011.jpg,P1_YOLO_Nano,0.769425429330639,0.8571428571428571
BurariTessenTorimonocho_011.jpg,P2_YOLO_Det_Nano + SAM,0.8768425393475675,0.9285714285714286
EvaLady_038.jpg,P1_YOLO_Nano,0.6990101103362459,0.8
EvaLady_038.jpg,P2_YOLO_Det_Nano + SAM,0.5994972778162189,0.65
HinagikuKenzan_003.jpg,P1_YOLO_Nano,0.823213072045888,0.9
HinagikuKenzan_003.jpg,P2_YOLO_Det_Nano + SAM,0.8514035013974126,0.9
TensiNoHaneToAkumaNoShippo_041.jpg,P1_YOLO_Nano,0.8542818693292994,0.9411764705882353
TensiNoHaneToAkumaNoShippo_041.jpg,P2_YOLO_Det_Nano + SAM,0.8960719592085182,0.9411764705882353
SyabondamaKieta_012.jpg,P1_YOLO_Nano,0.743232778987908,0.8235294117647058
SyabondamaKieta_012.jpg,P2_YOLO_Det_Nano + SAM,0.9216426534175989,1.0
UltraEleven_074.jpg,P1_YOLO_Nano,0.8182555005164497,1.0
UltraEleven_074.jpg,P2_YOLO_Det_Nano + SAM,0.5726985887414873,0.6923076923076923
UnbalanceTokyo_058.jpg,P1_YOLO_Nano,0.881286889647697,1.0
UnbalanceTokyo_058.jpg,P2_YOLO_Det_Nano + SAM,0.8410590136135432,0.8888888888888888
OhWareraRettouSeitokai_056.jpg,P1_YOLO_Nano,0.6561830279837877,0.7777777777777778
OhWareraRettouSeitokai_056.jpg,P2_YOLO_Det_Nano + SAM,0.629995542571669,0.7222222222222222
MariaSamaNihaNaisyo_004.jpg,P1_YOLO_Nano,0.9000592083631974,1.0
MariaSamaNihaNaisyo_004.jpg,P2_YOLO_Det_Nano + SAM,0.9646893302286546,1.0
Belmondo_007.jpg,P1_YOLO_Nano,0.9253425378198162,1.0
Belmondo_007.jpg,P2_YOLO_Det_Nano + SAM,0.8626333003663887,0.9
TasogareTsushin_009.jpg,P1_YOLO_Nano,0.8228788252517061,0.9230769230769231
TasogareTsushin_009.jpg,P2_YOLO_Det_Nano + SAM,0.7146782667353724,0.7692307692307693
TouyouKidan_008.jpg,P1_YOLO_Nano,0.7363392815341592,0.9
TouyouKidan_008.jpg,P2_YOLO_Det_Nano + SAM,0.48629260018277726,0.5
YamatoNoHane_100.jpg,P1_YOLO_Nano,0.8670623899878237,1.0
YamatoNoHane_100.jpg,P2_YOLO_Det_Nano + SAM,0.7303996293107702,0.8
TasogareTsushin_069.jpg,P1_YOLO_Nano,0.9275961744442832,1.0
TasogareTsushin_069.jpg,P2_YOLO_Det_Nano + SAM,0.9694246966613834,1.0
SyabondamaKieta_065.jpg,P1_YOLO_Nano,0.4726831372167015,0.5
SyabondamaKieta_065.jpg,P2_YOLO_Det_Nano + SAM,0.956234242602279,1.0
BurariTessenTorimonocho_014.jpg,P1_YOLO_Nano,0.9266228283391817,1.0
BurariTessenTorimonocho_014.jpg,P2_YOLO_Det_Nano + SAM,0.9065001544945309,0.9473684210526315
GOOD_KISS_Ver2_025.jpg,P1_YOLO_Nano,0.932892286249661,1.0
GOOD_KISS_Ver2_025.jpg,P2_YOLO_Det_Nano + SAM,0.9657436299980492,1.0
MutekiBoukenSyakuma_063.jpg,P1_YOLO_Nano,0.858795432258968,1.0
MutekiBoukenSyakuma_063.jpg,P2_YOLO_Det_Nano + SAM,0.7005227461318672,0.75
YumeNoKayoiji_061.jpg,P1_YOLO_Nano,0.7681052999135755,0.8571428571428571
YumeNoKayoiji_061.jpg,P2_YOLO_Det_Nano + SAM,0.6737476840892672,0.7142857142857143
HinagikuKenzan_086.jpg,P1_YOLO_Nano,0.8956034715673559,1.0
HinagikuKenzan_086.jpg,P2_YOLO_Det_Nano + SAM,0.7667020270102598,0.8333333333333334
MoeruOnisan_vol19_061.jpg,P1_YOLO_Nano,0.9374764928215119,1.0
MoeruOnisan_vol19_061.jpg,P2_YOLO_Det_Nano + SAM,0.8862043077605354,0.9259259259259259
Joouari_045.jpg,P1_YOLO_Nano,0.887949075560755,1.0
Joouari_045.jpg,P2_YOLO_Det_Nano + SAM,0.9176224933406846,1.0
ShimatteIkouze_vol01_011.jpg,P1_YOLO_Nano,0.9218385752826618,1.0
ShimatteIkouze_vol01_011.jpg,P2_YOLO_Det_Nano + SAM,0.9598112136128796,1.0
MagicianLoad_022.jpg,P1_YOLO_Nano,0.8866801687102397,1.0
MagicianLoad_022.jpg,P2_YOLO_Det_Nano + SAM,0.8176422396528353,0.8571428571428571
KyokugenCyclone_021.jpg,P1_YOLO_Nano,0.7380495980207875,0.8571428571428571
KyokugenCyclone_021.jpg,P2_YOLO_Det_Nano + SAM,0.6541509563504242,0.7142857142857143
Belmondo_029.jpg,P1_YOLO_Nano,0.8376807185298416,0.9285714285714286
Belmondo_029.jpg,P2_YOLO_Det_Nano + SAM,0.8672969608833567,0.9285714285714286
BokuHaSitatakaKun_005.jpg,P1_YOLO_Nano,0.9224523882761402,1.0
BokuHaSitatakaKun_005.jpg,P2_YOLO_Det_Nano + SAM,0.9571369544117453,1.0
AkkeraKanjinchou_086.jpg,P1_YOLO_Nano,0.8745780894361014,1.0
AkkeraKanjinchou_086.jpg,P2_YOLO_Det_Nano + SAM,0.8473197212191002,0.9
YoumaKourin_047.jpg,P1_YOLO_Nano,0.9020628070371913,1.0
YoumaKourin_047.jpg,P2_YOLO_Det_Nano + SAM,0.8975918047094019,1.0
MomoyamaHaikagura_004.jpg,P1_YOLO_Nano,0.8467841434845305,0.9166666666666666
MomoyamaHaikagura_004.jpg,P2_YOLO_Det_Nano + SAM,0.9434801061527359,1.0
UltraEleven_039.jpg,P1_YOLO_Nano,0.7468028895180064,0.9166666666666666
UltraEleven_039.jpg,P2_YOLO_Det_Nano + SAM,0.8431662308492843,1.0
UchiNoNyan'sDiary_016.jpg,P1_YOLO_Nano,0.8594771872366245,0.9285714285714286
UchiNoNyan'sDiary_016.jpg,P2_YOLO_Det_Nano + SAM,0.960986045054978,1.0
MiraiSan_050.jpg,P1_YOLO_Nano,0.7565429446544387,0.8235294117647058
MiraiSan_050.jpg,P2_YOLO_Det_Nano + SAM,0.7752849072825757,0.8235294117647058
Raphael_009.jpg,P1_YOLO_Nano,0.9365042549340639,1.0
Raphael_009.jpg,P2_YOLO_Det_Nano + SAM,0.9671073478712913,1.0
RinToSiteSippuNoNaka_109.jpg,P1_YOLO_Nano,0.9533002705082151,1.0
RinToSiteSippuNoNaka_109.jpg,P2_YOLO_Det_Nano + SAM,0.9629824876092924,1.0
AisazuNihaIrarenai_063.jpg,P1_YOLO_Nano,0.8471678755325605,1.0
AisazuNihaIrarenai_063.jpg,P2_YOLO_Det_Nano + SAM,0.8925295007995144,1.0
SeisinkiVulnus_032.jpg,P1_YOLO_Nano,0.628662809850403,0.8333333333333334
SeisinkiVulnus_032.jpg,P2_YOLO_Det_Nano + SAM,0.5455393386303352,0.6666666666666666
Count3DeKimeteAgeru_055.jpg,P1_YOLO_Nano,0.8896522255067024,1.0
Count3DeKimeteAgeru_055.jpg,P2_YOLO_Det_Nano + SAM,0.9325838514961096,1.0
YoumaKourin_005.jpg,P1_YOLO_Nano,0.8426894185751066,1.0
YoumaKourin_005.jpg,P2_YOLO_Det_Nano + SAM,0.6524549378310784,0.75
YasasiiAkuma_036.jpg,P1_YOLO_Nano,0.8458792965708284,0.9
YasasiiAkuma_036.jpg,P2_YOLO_Det_Nano + SAM,0.9532583848502204,1.0
AppareKappore_069.jpg,P1_YOLO_Nano,0.931317021465123,1.0
AppareKappore_069.jpg,P2_YOLO_Det_Nano + SAM,0.9559033685565103,1.0
HanzaiKousyouninMinegishiEitarou_010.jpg,P1_YOLO_Nano,0.8205310467334362,0.9
HanzaiKousyouninMinegishiEitarou_010.jpg,P2_YOLO_Det_Nano + SAM,0.8588251187520937,0.9
KarappoHighschool_002.jpg,P1_YOLO_Nano,0.8734970871234685,1.0
KarappoHighschool_002.jpg,P2_YOLO_Det_Nano + SAM,0.9000163885515013,1.0
MayaNoAkaiKutsu_058.jpg,P1_YOLO_Nano,0.7932839226839533,0.8823529411764706
MayaNoAkaiKutsu_058.jpg,P2_YOLO_Det_Nano + SAM,0.5581417471286312,0.5882352941176471
TsubasaNoKioku_060.jpg,P1_YOLO_Nano,0.8619981537304414,1.0
TsubasaNoKioku_060.jpg,P2_YOLO_Det_Nano + SAM,0.7996374559925595,0.9090909090909091
YumeiroCooking_017.jpg,P1_YOLO_Nano,0.7879272969430275,0.8823529411764706
YumeiroCooking_017.jpg,P2_YOLO_Det_Nano + SAM,0.8937811242434542,0.9411764705882353
SonokiDeABC_090.jpg,P1_YOLO_Nano,0.8588177000565195,0.9090909090909091
SonokiDeABC_090.jpg,P2_YOLO_Det_Nano + SAM,0.9725566105251467,1.0
TennenSenshiG_061.jpg,P1_YOLO_Nano,0.8763024958210348,0.95
TennenSenshiG_061.jpg,P2_YOLO_Det_Nano + SAM,0.8001051478394974,0.85
BokuHaSitatakaKun_040.jpg,P1_YOLO_Nano,0.8495615134270225,0.9444444444444444
BokuHaSitatakaKun_040.jpg,P2_YOLO_Det_Nano + SAM,0.8029323921647513,0.8333333333333334
BEMADER_P_074.jpg,P1_YOLO_Nano,0.8223912934287927,0.9333333333333333
BEMADER_P_074.jpg,P2_YOLO_Det_Nano + SAM,0.874333440024725,0.9333333333333333
Count3DeKimeteAgeru_008.jpg,P1_YOLO_Nano,0.8869373137150491,1.0
Count3DeKimeteAgeru_008.jpg,P2_YOLO_Det_Nano + SAM,0.8538899757118998,0.9166666666666666
BakuretsuKungFuGirl_034.jpg,P1_YOLO_Nano,0.8081883579116239,0.9523809523809523
BakuretsuKungFuGirl_034.jpg,P2_YOLO_Det_Nano + SAM,0.7490153000303013,0.8095238095238095
PrayerHaNemurenai_033.jpg,P1_YOLO_Nano,0.8650304642471113,1.0
PrayerHaNemurenai_033.jpg,P2_YOLO_Det_Nano + SAM,0.914543219943512,1.0
AosugiruHaru_056.jpg,P1_YOLO_Nano,0.736779810791785,0.8
AosugiruHaru_056.jpg,P2_YOLO_Det_Nano + SAM,0.7778548080376538,0.8
UchiNoNyan'sDiary_074.jpg,P1_YOLO_Nano,0.8903296753977391,0.9523809523809523
UchiNoNyan'sDiary_074.jpg,P2_YOLO_Det_Nano + SAM,0.8991009588438343,0.9523809523809523
HanzaiKousyouninMinegishiEitarou_071.jpg,P1_YOLO_Nano,0.8563022973688085,0.96
HanzaiKousyouninMinegishiEitarou_071.jpg,P2_YOLO_Det_Nano + SAM,0.897892137079721,0.96
Joouari_077.jpg,P1_YOLO_Nano,0.7797210132764666,0.8571428571428571
Joouari_077.jpg,P2_YOLO_Det_Nano + SAM,0.8185297159518047,0.8571428571428571
TensiNoHaneToAkumaNoShippo_060.jpg,P1_YOLO_Nano,0.9443925405877842,1.0
TensiNoHaneToAkumaNoShippo_060.jpg,P2_YOLO_Det_Nano + SAM,0.9713827927732279,1.0
YumeNoKayoiji_016.jpg,P1_YOLO_Nano,0.9188421106354051,1.0
YumeNoKayoiji_016.jpg,P2_YOLO_Det_Nano + SAM,0.9402223428171612,1.0
MagicStarGakuin_012.jpg,P1_YOLO_Nano,0.9089829724669484,1.0
MagicStarGakuin_012.jpg,P2_YOLO_Det_Nano + SAM,0.9438620532741658,1.0
LoveHina_vol14_040.jpg,P1_YOLO_Nano,0.8601636030119999,0.9473684210526315
LoveHina_vol14_040.jpg,P2_YOLO_Det_Nano + SAM,0.9420124530653877,1.0
HighschoolKimengumi_vol20_007.jpg,P1_YOLO_Nano,0.8774133451200772,0.9615384615384616
HighschoolKimengumi_vol20_007.jpg,P2_YOLO_Det_Nano + SAM,0.892041124050245,0.9615384615384616
LoveHina_vol01_011.jpg,P1_YOLO_Nano,0.856453509525893,1.0
LoveHina_vol01_011.jpg,P2_YOLO_Det_Nano + SAM,0.8330751290714836,0.9411764705882353
LancelotFullThrottle_063.jpg,P1_YOLO_Nano,0.9516154038721607,1.0
LancelotFullThrottle_063.jpg,P2_YOLO_Det_Nano + SAM,0.9600563180143831,1.0
BurariTessenTorimonocho_068.jpg,P1_YOLO_Nano,0.8180307634486008,0.8888888888888888
BurariTessenTorimonocho_068.jpg,P2_YOLO_Det_Nano + SAM,0.7367564139087533,0.7777777777777778
YumeNoKayoiji_026.jpg,P1_YOLO_Nano,0.7253306605206138,0.8181818181818182
YumeNoKayoiji_026.jpg,P2_YOLO_Det_Nano + SAM,0.9412587829035988,1.0
AisazuNihaIrarenai_016.jpg,P1_YOLO_Nano,0.6463881396530609,0.8
AisazuNihaIrarenai_016.jpg,P2_YOLO_Det_Nano + SAM,0.7319844084147908,0.8
DualJustice_024.jpg,P1_YOLO_Nano,0.787011090382604,0.8571428571428571
DualJustice_024.jpg,P2_YOLO_Det_Nano + SAM,0.8285061021789571,0.8571428571428571
MadouTaiga_010.jpg,P1_YOLO_Nano,0.7141092557407936,0.8333333333333334
MadouTaiga_010.jpg,P2_YOLO_Det_Nano + SAM,0.597505762699022,0.6666666666666666
Raphael_068.jpg,P1_YOLO_Nano,0.9498616221872931,1.0
Raphael_068.jpg,P2_YOLO_Det_Nano + SAM,0.7779096644511132,0.8
TotteokiNoABC_014.jpg,P1_YOLO_Nano,0.8049915424156963,0.9285714285714286
TotteokiNoABC_014.jpg,P2_YOLO_Det_Nano + SAM,0.786903333949864,0.8571428571428571
MariaSamaNihaNaisyo_020.jpg,P1_YOLO_Nano,0.8550895429143347,0.95
MariaSamaNihaNaisyo_020.jpg,P2_YOLO_Det_Nano + SAM,0.8940534810051025,0.95
Raphael_035.jpg,P1_YOLO_Nano,0.9403130819514207,1.0
Raphael_035.jpg,P2_YOLO_Det_Nano + SAM,0.8877984723051345,0.9285714285714286
HeiseiJimen_079.jpg,P1_YOLO_Nano,0.6312154232657553,0.7
HeiseiJimen_079.jpg,P2_YOLO_Det_Nano + SAM,0.8509256701341588,0.9
YukiNoFuruMachi_022.jpg,P1_YOLO_Nano,0.7789662334001626,0.8888888888888888
YukiNoFuruMachi_022.jpg,P2_YOLO_Det_Nano + SAM,0.8345915409735601,0.8888888888888888
UchiNoNyan'sDiary_009.jpg,P1_YOLO_Nano,0.9283503074806123,1.0
UchiNoNyan'sDiary_009.jpg,P2_YOLO_Det_Nano + SAM,0.9648079947614396,1.0
SamayoeruSyonenNiJunaiWo_049.jpg,P1_YOLO_Nano,0.8848906635898113,1.0
SamayoeruSyonenNiJunaiWo_049.jpg,P2_YOLO_Det_Nano + SAM,0.9102789105433026,1.0
Ningyoushi_088.jpg,P1_YOLO_Nano,0.5172576592043582,1.0
Ningyoushi_088.jpg,P2_YOLO_Det_Nano + SAM,0.0,0.0
MutekiBoukenSyakuma_075.jpg,P1_YOLO_Nano,0.8796642456429841,0.9523809523809523
MutekiBoukenSyakuma_075.jpg,P2_YOLO_Det_Nano + SAM,0.9614167733395365,1.0
JangiriPonpon_080.jpg,P1_YOLO_Nano,0.7639196266297696,0.8571428571428571
JangiriPonpon_080.jpg,P2_YOLO_Det_Nano + SAM,0.9240803448519445,1.0
EverydayOsakanaChan_043.jpg,P1_YOLO_Nano,0.7942766708705005,0.875
EverydayOsakanaChan_043.jpg,P2_YOLO_Det_Nano + SAM,0.8953372782945154,0.9583333333333334
OhWareraRettouSeitokai_010.jpg,P1_YOLO_Nano,0.7116848592195979,0.8181818181818182
OhWareraRettouSeitokai_010.jpg,P2_YOLO_Det_Nano + SAM,0.7594891300172528,0.8181818181818182
KimiHaBokuNoTaiyouDa_068.jpg,P1_YOLO_Nano,0.8939239671205976,1.0
KimiHaBokuNoTaiyouDa_068.jpg,P2_YOLO_Det_Nano + SAM,0.8289190032627511,0.875
PLANET7_041.jpg,P1_YOLO_Nano,0.7105831638185017,0.7777777777777778
PLANET7_041.jpg,P2_YOLO_Det_Nano + SAM,0.9046491054140757,0.9629629629629629
YumeiroCooking_074.jpg,P1_YOLO_Nano,0.8109189423124361,0.9375
YumeiroCooking_074.jpg,P2_YOLO_Det_Nano + SAM,0.8721432579753123,0.9375
Hamlet_095.jpg,P1_YOLO_Nano,0.7301382083705931,0.8181818181818182
Hamlet_095.jpg,P2_YOLO_Det_Nano + SAM,0.6499252651383713,0.6818181818181818
TouyouKidan_053.jpg,P1_YOLO_Nano,0.8398200825121412,0.9285714285714286
TouyouKidan_053.jpg,P2_YOLO_Det_Nano + SAM,0.8758440706813067,0.9285714285714286
SeisinkiVulnus_066.jpg,P1_YOLO_Nano,0.9387279852336996,1.0
SeisinkiVulnus_066.jpg,P2_YOLO_Det_Nano + SAM,0.8995300752257939,0.9230769230769231
Jyovolley_006.jpg,P1_YOLO_Nano,0.912445271942155,1.0
Jyovolley_006.jpg,P2_YOLO_Det_Nano + SAM,0.9442995590980108,1.0
BakuretsuKungFuGirl_056.jpg,P1_YOLO_Nano,0.7588846394043093,0.8571428571428571
BakuretsuKungFuGirl_056.jpg,P2_YOLO_Det_Nano + SAM,0.8800661023661578,0.9523809523809523
AppareKappore_007.jpg,P1_YOLO_Nano,0.9232933337351773,1.0
AppareKappore_007.jpg,P2_YOLO_Det_Nano + SAM,0.967595169854411,1.0
MiraiSan_099.jpg,P1_YOLO_Nano,0.9297259272961348,1.0
MiraiSan_099.jpg,P2_YOLO_Det_Nano + SAM,0.9617221127967795,1.0
PikaruGenkiDesu_032.jpg,P1_YOLO_Nano,0.8752960842927108,1.0
PikaruGenkiDesu_032.jpg,P2_YOLO_Det_Nano + SAM,0.7950419126495268,0.8571428571428571
JijiBabaFight_051.jpg,P1_YOLO_Nano,0.9194307284727988,1.0
JijiBabaFight_051.jpg,P2_YOLO_Det_Nano + SAM,0.9606528904097232,1.0
HinagikuKenzan_068.jpg,P1_YOLO_Nano,0.7388134445376511,0.8
HinagikuKenzan_068.jpg,P2_YOLO_Det_Nano + SAM,0.9436923995895306,1.0
HisokaReturns_065.jpg,P1_YOLO_Nano,0.9368315974980788,1.0
HisokaReturns_065.jpg,P2_YOLO_Det_Nano + SAM,0.4809324554543515,0.5
MisutenaideDaisy_032.jpg,P1_YOLO_Nano,0.8773697350437996,1.0
MisutenaideDaisy_032.jpg,P2_YOLO_Det_Nano + SAM,0.8930231979608932,1.0
SonokiDeABC_029.jpg,P1_YOLO_Nano,0.9182660040151069,1.0
SonokiDeABC_029.jpg,P2_YOLO_Det_Nano + SAM,0.8838333299001118,0.9166666666666666
That'sIzumiko_076.jpg,P1_YOLO_Nano,0.8820744003016356,1.0
That'sIzumiko_076.jpg,P2_YOLO_Det_Nano + SAM,0.863357409612619,0.9285714285714286
ARMS_070.jpg,P1_YOLO_Nano,0.859679760660808,0.9375
ARMS_070.jpg,P2_YOLO_Det_Nano + SAM,0.9063801265851835,0.9375
EienNoWith_052.jpg,P1_YOLO_Nano,0.7795952274070476,0.9230769230769231
EienNoWith_052.jpg,P2_YOLO_Det_Nano + SAM,0.8433974910817013,0.9230769230769231
Nekodama_046.jpg,P1_YOLO_Nano,0.866705513034308,0.9333333333333333
Nekodama_046.jpg,P2_YOLO_Det_Nano + SAM,0.9546658152381374,1.0
TasogareTsushin_019.jpg,P1_YOLO_Nano,0.7538895043751617,0.8125
TasogareTsushin_019.jpg,P2_YOLO_Det_Nano + SAM,0.7257975032731754,0.75
MagicStarGakuin_076.jpg,P1_YOLO_Nano,0.7965048964569059,0.8571428571428571
MagicStarGakuin_076.jpg,P2_YOLO_Det_Nano + SAM,0.9556453055046897,1.0
Arisa_030.jpg,P1_YOLO_Nano,0.9302455742562342,1.0
Arisa_030.jpg,P2_YOLO_Det_Nano + SAM,0.9571155418866645,1.0
SyabondamaKieta_032.jpg,P1_YOLO_Nano,0.9079020314236501,1.0
SyabondamaKieta_032.jpg,P2_YOLO_Det_Nano + SAM,0.9444029134701395,1.0
MoeruOnisan_vol19_091.jpg,P1_YOLO_Nano,0.8686217087831496,0.9375
MoeruOnisan_vol19_091.jpg,P2_YOLO_Det_Nano + SAM,0.9532393270516903,1.0
DualJustice_061.jpg,P1_YOLO_Nano,0.7211997225285278,1.0
DualJustice_061.jpg,P2_YOLO_Det_Nano + SAM,0.7914072496305455,1.0
MadouTaiga_034.jpg,P1_YOLO_Nano,0.6457862663368148,0.8
MadouTaiga_034.jpg,P2_YOLO_Det_Nano + SAM,0.729907889687659,0.8
ShimatteIkouze_vol01_038.jpg,P1_YOLO_Nano,0.8800603554293367,1.0
ShimatteIkouze_vol01_038.jpg,P2_YOLO_Det_Nano + SAM,0.742667808532621,0.8260869565217391
Belmondo_061.jpg,P1_YOLO_Nano,0.9085590044905838,1.0
Belmondo_061.jpg,P2_YOLO_Det_Nano + SAM,0.8369660977689123,0.8888888888888888
Akuhamu_056.jpg,P1_YOLO_Nano,0.9293911431677652,1.0
Akuhamu_056.jpg,P2_YOLO_Det_Nano + SAM,0.9178277501726934,0.9523809523809523
YoumaKourin_082.jpg,P1_YOLO_Nano,0.9402119526305533,1.0
YoumaKourin_082.jpg,P2_YOLO_Det_Nano + SAM,0.9555933911570716,1.0
HighschoolKimengumi_vol20_044.jpg,P1_YOLO_Nano,0.9313780210105571,1.0
HighschoolKimengumi_vol20_044.jpg,P2_YOLO_Det_Nano + SAM,0.9604773843834783,1.0
AppareKappore_053.jpg,P1_YOLO_Nano,0.8166226743256569,0.9047619047619048
AppareKappore_053.jpg,P2_YOLO_Det_Nano + SAM,0.8110609203564445,0.8571428571428571
BokuHaSitatakaKun_097.jpg,P1_YOLO_Nano,0.8760998094403002,0.9666666666666667
BokuHaSitatakaKun_097.jpg,P2_YOLO_Det_Nano + SAM,0.8786865534895646,0.9333333333333333
KoukouNoHitotachi_054.jpg,P1_YOLO_Nano,0.8607175839724475,0.95
KoukouNoHitotachi_054.jpg,P2_YOLO_Det_Nano + SAM,0.8471324616921694,0.9
PrismHeart_036.jpg,P1_YOLO_Nano,0.9297140823771607,1.0
PrismHeart_036.jpg,P2_YOLO_Det_Nano + SAM,0.9664122637216761,1.0
NichijouSoup_012.jpg,P1_YOLO_Nano,0.8927383963236949,0.9583333333333334
NichijouSoup_012.jpg,P2_YOLO_Det_Nano + SAM,0.9573428784595445,1.0
PLANET7_081.jpg,P1_YOLO_Nano,0.8331031724681183,0.8823529411764706
PLANET7_081.jpg,P2_YOLO_Det_Nano + SAM,0.950568070002217,1.0
Raphael_114.jpg,P1_YOLO_Nano,0.9489118426532938,1.0
Raphael_114.jpg,P2_YOLO_Det_Nano + SAM,0.9645744266653757,1.0
BakuretsuKungFuGirl_014.jpg,P1_YOLO_Nano,0.812277257436759,0.9090909090909091
BakuretsuKungFuGirl_014.jpg,P2_YOLO_Det_Nano + SAM,0.8603480869462476,0.9545454545454546
Ningyoushi_031.jpg,P1_YOLO_Nano,0.9254037213543599,1.0
Ningyoushi_031.jpg,P2_YOLO_Det_Nano + SAM,0.9632891005422217,1.0
OhWareraRettouSeitokai_042.jpg,P1_YOLO_Nano,0.7951994689451898,0.9285714285714286
OhWareraRettouSeitokai_042.jpg,P2_YOLO_Det_Nano + SAM,0.9046559082407261,1.0
BurariTessenTorimonocho_029.jpg,P1_YOLO_Nano,0.923724802607811,1.0
BurariTessenTorimonocho_029.jpg,P2_YOLO_Det_Nano + SAM,0.9464538918815465,1.0
AkkeraKanjinchou_072.jpg,P1_YOLO_Nano,0.9084318027717454,1.0
AkkeraKanjinchou_072.jpg,P2_YOLO_Det_Nano + SAM,0.9446786083230352,1.0
EienNoWith_109.jpg,P1_YOLO_Nano,0.91935864125235,1.0
EienNoWith_109.jpg,P2_YOLO_Det_Nano + SAM,0.9599825707224716,1.0
EvaLady_090.jpg,P1_YOLO_Nano,0.7841187182758005,0.8888888888888888
EvaLady_090.jpg,P2_YOLO_Det_Nano + SAM,0.7497766395792483,0.8148148148148148
TennenSenshiG_043.jpg,P1_YOLO_Nano,0.9281346224833361,1.0
TennenSenshiG_043.jpg,P2_YOLO_Det_Nano + SAM,0.9210470019048179,0.96
Hamlet_151.jpg,P1_YOLO_Nano,0.9114144929354059,1.0
Hamlet_151.jpg,P2_YOLO_Det_Nano + SAM,0.9503198929353426,1.0
OL_Lunch_028.jpg,P1_YOLO_Nano,0.8782118158358475,0.9545454545454546
OL_Lunch_028.jpg,P2_YOLO_Det_Nano + SAM,0.8692277197257497,0.9090909090909091
MutekiBoukenSyakuma_034.jpg,P1_YOLO_Nano,0.9135752326709271,1.0
MutekiBoukenSyakuma_034.jpg,P2_YOLO_Det_Nano + SAM,0.9323767272284756,1.0
ShimatteIkouze_vol01_017.jpg,P1_YOLO_Nano,0.8984780786453266,1.0
ShimatteIkouze_vol01_017.jpg,P2_YOLO_Det_Nano + SAM,0.9076722887133885,1.0
KarappoHighschool_086.jpg,P1_YOLO_Nano,0.7572740114141422,0.8571428571428571
KarappoHighschool_086.jpg,P2_YOLO_Det_Nano + SAM,0.6382339320244508,0.7142857142857143
YamatoNoHane_110.jpg,P1_YOLO_Nano,0.8469351178153786,0.9333333333333333
YamatoNoHane_110.jpg,P2_YOLO_Det_Nano + SAM,0.876440199325471,0.9333333333333333
TouyouKidan_035.jpg,P1_YOLO_Nano,0.724677847563824,0.8461538461538461
TouyouKidan_035.jpg,P2_YOLO_Det_Nano + SAM,0.9173596284561246,1.0
That'sIzumiko_036.jpg,P1_YOLO_Nano,0.7336730917632934,0.7777777777777778
That'sIzumiko_036.jpg,P2_YOLO_Det_Nano + SAM,0.7814959560478527,0.7777777777777778
BEMADER_P_042.jpg,P1_YOLO_Nano,0.8884808059680331,1.0
BEMADER_P_042.jpg,P2_YOLO_Det_Nano + SAM,0.7677506687465021,0.75
Donburakokko_078.jpg,P1_YOLO_Nano,0.8300885862446591,0.9166666666666666
Donburakokko_078.jpg,P2_YOLO_Det_Nano + SAM,0.876295528112825,0.9166666666666666
JangiriPonpon_027.jpg,P1_YOLO_Nano,0.8579649903564505,0.9375
JangiriPonpon_027.jpg,P2_YOLO_Det_Nano + SAM,0.8775948000642626,0.9375
Nekodama_028.jpg,P1_YOLO_Nano,0.9385617267825331,1.0
Nekodama_028.jpg,P2_YOLO_Det_Nano + SAM,0.965306082827962,1.0
MomoyamaHaikagura_006.jpg,P1_YOLO_Nano,0.9407375492981752,1.0
MomoyamaHaikagura_006.jpg,P2_YOLO_Det_Nano + SAM,0.962862556996811,1.0
Saisoku_016.jpg,P1_YOLO_Nano,0.8732417592688719,0.9333333333333333
Saisoku_016.jpg,P2_YOLO_Det_Nano + SAM,0.8824633531005285,0.9333333333333333
WarewareHaOniDearu_052.jpg,P1_YOLO_Nano,0.8157197808844769,0.9
WarewareHaOniDearu_052.jpg,P2_YOLO_Det_Nano + SAM,0.9243724060562537,1.0
Donburakokko_045.jpg,P1_YOLO_Nano,0.9294702781949173,1.0
Donburakokko_045.jpg,P2_YOLO_Det_Nano + SAM,0.8438570090174368,0.875
Belmondo_072.jpg,P1_YOLO_Nano,0.8034507241726324,0.875
Belmondo_072.jpg,P2_YOLO_Det_Nano + SAM,0.9362225022078399,1.0
AkkeraKanjinchou_063.jpg,P1_YOLO_Nano,0.7635930226342251,0.8571428571428571
AkkeraKanjinchou_063.jpg,P2_YOLO_Det_Nano + SAM,0.8200618272921884,0.8571428571428571
BokuHaSitatakaKun_026.jpg,P1_YOLO_Nano,0.9147024949432411,1.0
BokuHaSitatakaKun_026.jpg,P2_YOLO_Det_Nano + SAM,0.8247040143666152,0.8636363636363636
MadouTaiga_061.jpg,P1_YOLO_Nano,0.8734042063026788,0.9615384615384616
MadouTaiga_061.jpg,P2_YOLO_Det_Nano + SAM,0.8731676197514926,0.9230769230769231
TennenSenshiG_025.jpg,P1_YOLO_Nano,0.9306856626113791,1.0
TennenSenshiG_025.jpg,P2_YOLO_Det_Nano + SAM,0.9008115116501347,0.9411764705882353
Saisoku_070.jpg,P1_YOLO_Nano,0.4835489372320017,0.6363636363636364
Saisoku_070.jpg,P2_YOLO_Det_Nano + SAM,0.5109761929069443,0.6363636363636364
KuroidoGanka_015.jpg,P1_YOLO_Nano,0.9301043134327178,1.0
KuroidoGanka_015.jpg,P2_YOLO_Det_Nano + SAM,0.932833898630987,1.0
HaruichibanNoFukukoro_094.jpg,P1_YOLO_Nano,0.7154206055568666,0.8
HaruichibanNoFukukoro_094.jpg,P2_YOLO_Det_Nano + SAM,0.9239880580890167,1.0
YukiNoFuruMachi_086.jpg,P1_YOLO_Nano,0.9539410484749736,1.0
YukiNoFuruMachi_086.jpg,P2_YOLO_Det_Nano + SAM,0.975654490508279,1.0
YukiNoFuruMachi_021.jpg,P1_YOLO_Nano,0.6368462505890912,0.8
YukiNoFuruMachi_021.jpg,P2_YOLO_Det_Nano + SAM,0.9015692784075906,1.0
MagicStarGakuin_027.jpg,P1_YOLO_Nano,0.8304660594468207,0.9090909090909091
MagicStarGakuin_027.jpg,P2_YOLO_Det_Nano + SAM,0.7567201153444715,0.8181818181818182
MagicianLoad_077.jpg,P1_YOLO_Nano,0.8883577309694054,1.0
MagicianLoad_077.jpg,P2_YOLO_Det_Nano + SAM,0.9532378913753342,1.0
Jyovolley_074.jpg,P1_YOLO_Nano,0.9411835039437093,1.0
Jyovolley_074.jpg,P2_YOLO_Det_Nano + SAM,0.9675583408415165,1.0
ToutaMairimasu_076.jpg,P1_YOLO_Nano,0.9043846689826808,1.0
ToutaMairimasu_076.jpg,P2_YOLO_Det_Nano + SAM,0.8439529681193565,0.9166666666666666
HanzaiKousyouninMinegishiEitarou_016.jpg,P1_YOLO_Nano,0.8796781502874635,0.9411764705882353
HanzaiKousyouninMinegishiEitarou_016.jpg,P2_YOLO_Det_Nano + SAM,0.9702162350018029,1.0
SaladDays_vol01_086.jpg,P1_YOLO_Nano,0.6240428983637528,0.6666666666666666
SaladDays_vol01_086.jpg,P2_YOLO_Det_Nano + SAM,0.4836244209319965,0.5
LoveHina_vol01_090.jpg,P1_YOLO_Nano,0.9112570636110948,1.0
LoveHina_vol01_090.jpg,P2_YOLO_Det_Nano + SAM,0.9389911360593771,1.0
MoeruOnisan_vol01_009.jpg,P1_YOLO_Nano,0.8916281110878647,0.9696969696969697
MoeruOnisan_vol01_009.jpg,P2_YOLO_Det_Nano + SAM,0.9398902968393908,1.0
ShimatteIkouze_vol26_093.jpg,P1_YOLO_Nano,0.8116103983434502,1.0
ShimatteIkouze_vol26_093.jpg,P2_YOLO_Det_Nano + SAM,0.6479505470514983,0.8181818181818182
HinagikuKenzan_050.jpg,P1_YOLO_Nano,0.8873844704094205,1.0
HinagikuKenzan_050.jpg,P2_YOLO_Det_Nano + SAM,0.9242302120415201,1.0
HighschoolKimengumi_vol20_008.jpg,P1_YOLO_Nano,0.8449176516052435,0.9230769230769231
HighschoolKimengumi_vol20_008.jpg,P2_YOLO_Det_Nano + SAM,0.8142986717563226,0.8461538461538461
That'sIzumiko_008.jpg,P1_YOLO_Nano,0.8726191504300693,1.0
That'sIzumiko_008.jpg,P2_YOLO_Det_Nano + SAM,0.8554903036846089,0.9230769230769231
BokuHaSitatakaKun_044.jpg,P1_YOLO_Nano,0.8369887941269063,0.9333333333333333
BokuHaSitatakaKun_044.jpg,P2_YOLO_Det_Nano + SAM,0.8869996621934517,0.9333333333333333
MoeruOnisan_vol01_047.jpg,P1_YOLO_Nano,0.7771462747631561,0.875
MoeruOnisan_vol01_047.jpg,P2_YOLO_Det_Nano + SAM,0.7944304101162768,0.875
SaladDays_vol01_088.jpg,P1_YOLO_Nano,0.841292989345443,1.0
SaladDays_vol01_088.jpg,P2_YOLO_Det_Nano + SAM,0.567726520586491,0.625
MadouTaiga_044.jpg,P1_YOLO_Nano,0.9147848777183296,1.0
MadouTaiga_044.jpg,P2_YOLO_Det_Nano + SAM,0.8095778086907399,0.8461538461538461
UchiNoNyan'sDiary_056.jpg,P1_YOLO_Nano,0.875734469602528,0.95
UchiNoNyan'sDiary_056.jpg,P2_YOLO_Det_Nano + SAM,0.9071004232739426,0.95
LoveHina_vol14_044.jpg,P1_YOLO_Nano,0.8821976914801648,1.0
LoveHina_vol14_044.jpg,P2_YOLO_Det_Nano + SAM,0.9284605901177885,1.0
ParaisoRoad_058.jpg,P1_YOLO_Nano,0.8312520301806797,0.9230769230769231
ParaisoRoad_058.jpg,P2_YOLO_Det_Nano + SAM,0.871751496407437,0.9230769230769231
MeteoSanStrikeDesu_024.jpg,P1_YOLO_Nano,0.907908538019696,1.0
MeteoSanStrikeDesu_024.jpg,P2_YOLO_Det_Nano + SAM,0.930376317866849,1.0
EverydayOsakanaChan_054.jpg,P1_YOLO_Nano,0.7351814857640837,0.8235294117647058
EverydayOsakanaChan_054.jpg,P2_YOLO_Det_Nano + SAM,0.7383832272127425,0.8235294117647058
SyabondamaKieta_036.jpg,P1_YOLO_Nano,0.4934251850579914,0.5555555555555556
SyabondamaKieta_036.jpg,P2_YOLO_Det_Nano + SAM,0.43646291843659263,0.4444444444444444
BokuHaSitatakaKun_039.jpg,P1_YOLO_Nano,0.8476801083216056,0.9523809523809523
BokuHaSitatakaKun_039.jpg,P2_YOLO_Det_Nano + SAM,0.9002881864872693,0.9523809523809523
TouyouKidan_014.jpg,P1_YOLO_Nano,0.9020426596978273,1.0
TouyouKidan_014.jpg,P2_YOLO_Det_Nano + SAM,0.9141793273134867,1.0
LoveHina_vol14_050.jpg,P1_YOLO_Nano,0.9252404988218152,1.0
LoveHina_vol14_050.jpg,P2_YOLO_Det_Nano + SAM,0.8630053530753492,0.9090909090909091
MeteoSanStrikeDesu_041.jpg,P1_YOLO_Nano,0.9357943586892746,1.0
MeteoSanStrikeDesu_041.jpg,P2_YOLO_Det_Nano + SAM,0.9668206153845607,1.0
HanzaiKousyouninMinegishiEitarou_024.jpg,P1_YOLO_Nano,0.815896554845201,0.9090909090909091
HanzaiKousyouninMinegishiEitarou_024.jpg,P2_YOLO_Det_Nano + SAM,0.8471444212130623,0.9090909090909091
SyabondamaKieta_035.jpg,P1_YOLO_Nano,0.9069905770643899,1.0
SyabondamaKieta_035.jpg,P2_YOLO_Det_Nano + SAM,0.9452139609403801,1.0
SonokiDeABC_024.jpg,P1_YOLO_Nano,0.7409298836212332,0.8181818181818182
SonokiDeABC_024.jpg,P2_YOLO_Det_Nano + SAM,0.7734588213602952,0.8181818181818182
TasogareTsushin_075.jpg,P1_YOLO_Nano,0.8168758511359059,0.9130434782608695
TasogareTsushin_075.jpg,P2_YOLO_Det_Nano + SAM,0.8330436429394269,0.9130434782608695
OL_Lunch_008.jpg,P1_YOLO_Nano,0.8996175355586182,1.0
OL_Lunch_008.jpg,P2_YOLO_Det_Nano + SAM,0.9319021412338677,1.0
GakuenNoise_047.jpg,P1_YOLO_Nano,0.9207826657872273,1.0
GakuenNoise_047.jpg,P2_YOLO_Det_Nano + SAM,0.9573925850067533,1.0
SeisinkiVulnus_034.jpg,P1_YOLO_Nano,0.862080977030174,1.0
SeisinkiVulnus_034.jpg,P2_YOLO_Det_Nano + SAM,0.5390161731568894,0.6153846153846154
UchiNoNyan'sDiary_029.jpg,P1_YOLO_Nano,0.923921217133687,1.0
UchiNoNyan'sDiary_029.jpg,P2_YOLO_Det_Nano + SAM,0.9644108382091204,1.0
HanzaiKousyouninMinegishiEitarou_013.jpg,P1_YOLO_Nano,0.9123149118566424,1.0
HanzaiKousyouninMinegishiEitarou_013.jpg,P2_YOLO_Det_Nano + SAM,0.9256942124055995,1.0
PrayerHaNemurenai_002.jpg,P1_YOLO_Nano,0.9044206071524471,1.0
PrayerHaNemurenai_002.jpg,P2_YOLO_Det_Nano + SAM,0.7602904889836581,0.8
Count3DeKimeteAgeru_091.jpg,P1_YOLO_Nano,0.8953430084156201,1.0
Count3DeKimeteAgeru_091.jpg,P2_YOLO_Det_Nano + SAM,0.9194341707267109,1.0
Joouari_016.jpg,P1_YOLO_Nano,0.8507398477584962,0.95
Joouari_016.jpg,P2_YOLO_Det_Nano + SAM,0.8518175052079611,0.9
BurariTessenTorimonocho_057.jpg,P1_YOLO_Nano,0.9221649686539075,1.0
BurariTessenTorimonocho_057.jpg,P2_YOLO_Det_Nano + SAM,0.9071563027849822,0.95
YoumaKourin_095.jpg,P1_YOLO_Nano,0.9204472106535162,1.0
YoumaKourin_095.jpg,P2_YOLO_Det_Nano + SAM,0.93793121806387,1.0
ShimatteIkouze_vol01_087.jpg,P1_YOLO_Nano,0.8667714367564867,0.9375
ShimatteIkouze_vol01_087.jpg,P2_YOLO_Det_Nano + SAM,0.9036279883192018,0.9375
TsubasaNoKioku_072.jpg,P1_YOLO_Nano,0.7824882049660602,1.0
TsubasaNoKioku_072.jpg,P2_YOLO_Det_Nano + SAM,0.7192149164428427,0.875
EverydayOsakanaChan_038.jpg,P1_YOLO_Nano,0.8826129770610596,0.9583333333333334
EverydayOsakanaChan_038.jpg,P2_YOLO_Det_Nano + SAM,0.9091618002421257,0.9583333333333334
GakuenNoise_029.jpg,P1_YOLO_Nano,0.9375485485636239,1.0
GakuenNoise_029.jpg,P2_YOLO_Det_Nano + SAM,0.9643090523770552,1.0
MemorySeijin_077.jpg,P1_YOLO_Nano,0.9191937809527587,1.0
MemorySeijin_077.jpg,P2_YOLO_Det_Nano + SAM,0.9721184110625137,1.0
RinToSiteSippuNoNaka_102.jpg,P1_YOLO_Nano,0.6475512508792796,0.6875
RinToSiteSippuNoNaka_102.jpg,P2_YOLO_Det_Nano + SAM,0.7916888807088769,0.8125
BokuHaSitatakaKun_032.jpg,P1_YOLO_Nano,0.9012988281164285,1.0
BokuHaSitatakaKun_032.jpg,P2_YOLO_Det_Nano + SAM,0.8462257031971239,0.9259259259259259
Ningyoushi_066.jpg,P1_YOLO_Nano,0.9309724145637497,1.0
Ningyoushi_066.jpg,P2_YOLO_Det_Nano + SAM,0.9564038352141367,1.0
HighschoolKimengumi_vol20_032.jpg,P1_YOLO_Nano,0.8689034150567032,0.95
HighschoolKimengumi_vol20_032.jpg,P2_YOLO_Det_Nano + SAM,0.8911158124114834,0.9
HaruichibanNoFukukoro_053.jpg,P1_YOLO_Nano,0.7013437376244582,0.8
HaruichibanNoFukukoro_053.jpg,P2_YOLO_Det_Nano + SAM,0.8423438832744286,0.9
HighschoolKimengumi_vol01_077.jpg,P1_YOLO_Nano,0.8890891945755176,1.0
HighschoolKimengumi_vol01_077.jpg,P2_YOLO_Det_Nano + SAM,0.820921044180355,0.875
KimiHaBokuNoTaiyouDa_045.jpg,P1_YOLO_Nano,0.9371969060778881,1.0
KimiHaBokuNoTaiyouDa_045.jpg,P2_YOLO_Det_Nano + SAM,0.9560485011511048,1.0
HighschoolKimengumi_vol20_073.jpg,P1_YOLO_Nano,0.915908381610414,1.0
HighschoolKimengumi_vol20_073.jpg,P2_YOLO_Det_Nano + SAM,0.8672225256566848,0.9047619047619048
YumeiroCooking_057.jpg,P1_YOLO_Nano,0.8984724789476142,1.0
YumeiroCooking_057.jpg,P2_YOLO_Det_Nano + SAM,0.9437270096658937,1.0
Hamlet_130.jpg,P1_YOLO_Nano,0.0,0.0
Hamlet_130.jpg,P2_YOLO_Det_Nano + SAM,0.0,0.0
ByebyeC-BOY_035.jpg,P1_YOLO_Nano,0.8986576452676704,1.0
ByebyeC-BOY_035.jpg,P2_YOLO_Det_Nano + SAM,0.8289146532416872,0.8571428571428571
Nekodama_018.jpg,P1_YOLO_Nano,0.7976019564429354,1.0
Nekodama_018.jpg,P2_YOLO_Det_Nano + SAM,0.4105544098806983,0.5
UltraEleven_035.jpg,P1_YOLO_Nano,0.9190030111330868,1.0
UltraEleven_035.jpg,P2_YOLO_Det_Nano + SAM,0.8318906972601041,0.8888888888888888
AisazuNihaIrarenai_082.jpg,P1_YOLO_Nano,0.849099181509473,0.9090909090909091
AisazuNihaIrarenai_082.jpg,P2_YOLO_Det_Nano + SAM,0.8833249172665615,0.9090909090909091
HeiseiJimen_051.jpg,P1_YOLO_Nano,0.6852531295791916,0.75
HeiseiJimen_051.jpg,P2_YOLO_Det_Nano + SAM,0.709094050962116,0.75
UchiNoNyan'sDiary_028.jpg,P1_YOLO_Nano,0.9321803733767097,1.0
UchiNoNyan'sDiary_028.jpg,P2_YOLO_Det_Nano + SAM,0.8720832561959672,0.9166666666666666
Joouari_018.jpg,P1_YOLO_Nano,0.7827623840551641,0.8846153846153846
Joouari_018.jpg,P2_YOLO_Det_Nano + SAM,0.8551940220794827,0.9230769230769231
HisokaReturns_064.jpg,P1_YOLO_Nano,0.8225034996839921,0.8888888888888888
HisokaReturns_064.jpg,P2_YOLO_Det_Nano + SAM,0.8526810082149742,0.8888888888888888
Joouari_074.jpg,P1_YOLO_Nano,0.8086356275033504,0.9285714285714286
Joouari_074.jpg,P2_YOLO_Det_Nano + SAM,0.8904508523641291,1.0
ParaisoRoad_028.jpg,P1_YOLO_Nano,0.9367280556311963,1.0
ParaisoRoad_028.jpg,P2_YOLO_Det_Nano + SAM,0.9683128056903724,1.0
SyabondamaKieta_087.jpg,P1_YOLO_Nano,0.7492500237727789,0.7272727272727273
SyabondamaKieta_087.jpg,P2_YOLO_Det_Nano + SAM,0.8433414359829853,0.9090909090909091
ReveryEarth_024.jpg,P1_YOLO_Nano,0.9088458123349699,1.0
ReveryEarth_024.jpg,P2_YOLO_Det_Nano + SAM,0.9504458904310183,1.0
JangiriPonpon_059.jpg,P1_YOLO_Nano,0.9162844434854261,1.0
JangiriPonpon_059.jpg,P2_YOLO_Det_Nano + SAM,0.9460377533529473,1.0
KimiHaBokuNoTaiyouDa_057.jpg,P1_YOLO_Nano,0.9348409567219687,1.0
KimiHaBokuNoTaiyouDa_057.jpg,P2_YOLO_Det_Nano + SAM,0.9439211442460874,1.0
MukoukizuNoChonbo_047.jpg,P1_YOLO_Nano,0.848348136448091,0.9523809523809523
MukoukizuNoChonbo_047.jpg,P2_YOLO_Det_Nano + SAM,0.7243039010129785,0.7619047619047619
ParaisoRoad_031.jpg,P1_YOLO_Nano,0.9204976433722605,1.0
ParaisoRoad_031.jpg,P2_YOLO_Det_Nano + SAM,0.9610162435739962,1.0
YamatoNoHane_053.jpg,P1_YOLO_Nano,0.8480173466287485,0.9090909090909091
YamatoNoHane_053.jpg,P2_YOLO_Det_Nano + SAM,0.9566208619567395,1.0
EverydayOsakanaChan_018.jpg,P1_YOLO_Nano,0.9373619951654787,1.0
EverydayOsakanaChan_018.jpg,P2_YOLO_Det_Nano + SAM,0.887613248264173,0.9285714285714286
DualJustice_027.jpg,P1_YOLO_Nano,0.9107269250367274,1.0
DualJustice_027.jpg,P2_YOLO_Det_Nano + SAM,0.9356851427709817,1.0
RinToSiteSippuNoNaka_022.jpg,P1_YOLO_Nano,0.7757275839402029,0.875
RinToSiteSippuNoNaka_022.jpg,P2_YOLO_Det_Nano + SAM,0.6213624937332414,0.75
KyokugenCyclone_026.jpg,P1_YOLO_Nano,0.8352020069769164,0.9
KyokugenCyclone_026.jpg,P2_YOLO_Det_Nano + SAM,0.901122556479009,0.95
PLANET7_031.jpg,P1_YOLO_Nano,0.9034753105032776,1.0
PLANET7_031.jpg,P2_YOLO_Det_Nano + SAM,0.9277945276207656,1.0
SaladDays_vol18_013.jpg,P1_YOLO_Nano,0.9200753353002753,1.0
SaladDays_vol18_013.jpg,P2_YOLO_Det_Nano + SAM,0.94056834262557,1.0
Nekodama_051.jpg,P1_YOLO_Nano,0.9288768059767741,1.0
Nekodama_051.jpg,P2_YOLO_Det_Nano + SAM,0.968861713993442,1.0
KuroidoGanka_062.jpg,P1_YOLO_Nano,0.520545759376956,0.6
KuroidoGanka_062.jpg,P2_YOLO_Det_Nano + SAM,0.637805884440698,0.7
YukiNoFuruMachi_026.jpg,P1_YOLO_Nano,0.8209853961231236,0.9090909090909091
YukiNoFuruMachi_026.jpg,P2_YOLO_Det_Nano + SAM,0.9664240979934037,1.0
ToutaMairimasu_004.jpg,P1_YOLO_Nano,0.9152541238742082,1.0
ToutaMairimasu_004.jpg,P2_YOLO_Det_Nano + SAM,0.9391003599704439,1.0
ToutaMairimasu_027.jpg,P1_YOLO_Nano,0.9167764204601477,1.0
ToutaMairimasu_027.jpg,P2_YOLO_Det_Nano + SAM,0.9457957451300981,1.0
GinNoChimera_016.jpg,P1_YOLO_Nano,0.9525325407155845,1.0
GinNoChimera_016.jpg,P2_YOLO_Det_Nano + SAM,0.9696582123108309,1.0
LoveHina_vol14_031.jpg,P1_YOLO_Nano,0.9271907259872277,1.0
LoveHina_vol14_031.jpg,P2_YOLO_Det_Nano + SAM,0.9628699816905459,1.0
HighschoolKimengumi_vol01_071.jpg,P1_YOLO_Nano,0.8679698687668361,0.9523809523809523
HighschoolKimengumi_vol01_071.jpg,P2_YOLO_Det_Nano + SAM,0.8618191152949022,0.9047619047619048
YamatoNoHane_098.jpg,P1_YOLO_Nano,0.46502147639170077,0.5
YamatoNoHane_098.jpg,P2_YOLO_Det_Nano + SAM,0.9172893935750936,1.0
KuroidoGanka_037.jpg,P1_YOLO_Nano,0.8190327308894443,0.9090909090909091
KuroidoGanka_037.jpg,P2_YOLO_Det_Nano + SAM,0.9465407550384842,1.0
WarewareHaOniDearu_087.jpg,P1_YOLO_Nano,0.8889462757614162,1.0
WarewareHaOniDearu_087.jpg,P2_YOLO_Det_Nano + SAM,0.9590857423926614,1.0
HinagikuKenzan_009.jpg,P1_YOLO_Nano,0.9188175340510252,1.0
HinagikuKenzan_009.jpg,P2_YOLO_Det_Nano + SAM,0.9547022153133154,1.0
SaladDays_vol18_045.jpg,P1_YOLO_Nano,0.8262023025729617,0.8823529411764706
SaladDays_vol18_045.jpg,P2_YOLO_Det_Nano + SAM,0.9193120541640818,1.0
MemorySeijin_095.jpg,P1_YOLO_Nano,0.9436997648429798,1.0
MemorySeijin_095.jpg,P2_YOLO_Det_Nano + SAM,0.9700310710760864,1.0
YoumaKourin_042.jpg,P1_YOLO_Nano,0.7934097381084455,0.9166666666666666
YoumaKourin_042.jpg,P2_YOLO_Det_Nano + SAM,0.5344123481980524,0.5833333333333334
TapkunNoTanteisitsu_101.jpg,P1_YOLO_Nano,0.8838328331914259,1.0
TapkunNoTanteisitsu_101.jpg,P2_YOLO_Det_Nano + SAM,0.8981547291699327,1.0
RinToSiteSippuNoNaka_113.jpg,P1_YOLO_Nano,0.923590764577031,1.0
RinToSiteSippuNoNaka_113.jpg,P2_YOLO_Det_Nano + SAM,0.9443778660937242,1.0
AosugiruHaru_007.jpg,P1_YOLO_Nano,0.9042118821110604,1.0
AosugiruHaru_007.jpg,P2_YOLO_Det_Nano + SAM,0.9539789917377935,1.0
AosugiruHaru_052.jpg,P1_YOLO_Nano,0.0,0.0
AosugiruHaru_052.jpg,P2_YOLO_Det_Nano + SAM,0.967125779914685,1.0
SeisinkiVulnus_075.jpg,P1_YOLO_Nano,0.9501233306055427,1.0
SeisinkiVulnus_075.jpg,P2_YOLO_Det_Nano + SAM,0.9711275007570767,1.0
HarukaRefrain_028.jpg,P1_YOLO_Nano,0.8282012128394929,0.9411764705882353
HarukaRefrain_028.jpg,P2_YOLO_Det_Nano + SAM,0.8860048614602712,0.9411764705882353
YoumaKourin_032.jpg,P1_YOLO_Nano,0.9418477787366142,1.0
YoumaKourin_032.jpg,P2_YOLO_Det_Nano + SAM,0.9722487900376471,1.0
KarappoHighschool_045.jpg,P1_YOLO_Nano,0.8952378851455334,1.0
KarappoHighschool_045.jpg,P2_YOLO_Det_Nano + SAM,0.8511399211882354,0.9
EverydayOsakanaChan_080.jpg,P1_YOLO_Nano,0.9486171736760737,1.0
EverydayOsakanaChan_080.jpg,P2_YOLO_Det_Nano + SAM,0.9218713337151052,1.0
KyokugenCyclone_018.jpg,P1_YOLO_Nano,0.8728787949172551,1.0
KyokugenCyclone_018.jpg,P2_YOLO_Det_Nano + SAM,0.6667208682200757,0.7142857142857143
HarukaRefrain_033.jpg,P1_YOLO_Nano,0.9109671329676856,1.0
HarukaRefrain_033.jpg,P2_YOLO_Det_Nano + SAM,0.9689243876946394,1.0
EienNoWith_011.jpg,P1_YOLO_Nano,0.8762085286312425,1.0
EienNoWith_011.jpg,P2_YOLO_Det_Nano + SAM,0.9122158540331634,1.0
LoveHina_vol14_028.jpg,P1_YOLO_Nano,0.8568310361869775,0.9705882352941176
LoveHina_vol14_028.jpg,P2_YOLO_Det_Nano + SAM,0.7695308699337265,0.8235294117647058
LoveHina_vol01_017.jpg,P1_YOLO_Nano,0.9146981682186353,1.0
LoveHina_vol01_017.jpg,P2_YOLO_Det_Nano + SAM,0.8514484066607718,0.9
PLANET7_075.jpg,P1_YOLO_Nano,0.9173597476099021,1.0
PLANET7_075.jpg,P2_YOLO_Det_Nano + SAM,0.8510430315908822,0.9285714285714286
YouchienBoueigumi_015.jpg,P1_YOLO_Nano,0.9087516854669673,1.0
YouchienBoueigumi_015.jpg,P2_YOLO_Det_Nano + SAM,0.8723355909922105,0.8823529411764706
TsubasaNoKioku_028.jpg,P1_YOLO_Nano,0.8509769325121169,0.9411764705882353
TsubasaNoKioku_028.jpg,P2_YOLO_Det_Nano + SAM,0.9484135796558514,1.0
KarappoHighschool_049.jpg,P1_YOLO_Nano,0.709895056824619,0.8888888888888888
KarappoHighschool_049.jpg,P2_YOLO_Det_Nano + SAM,0.6755071149655192,0.7777777777777778
PrismHeart_041.jpg,P1_YOLO_Nano,0.897130627997853,1.0
PrismHeart_041.jpg,P2_YOLO_Det_Nano + SAM,0.9156933536140269,1.0
HighschoolKimengumi_vol01_062.jpg,P1_YOLO_Nano,0.9375217583350794,1.0
HighschoolKimengumi_vol01_062.jpg,P2_YOLO_Det_Nano + SAM,0.9451587582327537,1.0
PikaruGenkiDesu_043.jpg,P1_YOLO_Nano,0.8640569147704994,1.0
PikaruGenkiDesu_043.jpg,P2_YOLO_Det_Nano + SAM,0.8877057085222897,1.0
MagicStarGakuin_060.jpg,P1_YOLO_Nano,0.9743764077468595,1.0
MagicStarGakuin_060.jpg,P2_YOLO_Det_Nano + SAM,0.9825944252808305,1.0
YoumaKourin_049.jpg,P1_YOLO_Nano,0.582317330818256,0.6666666666666666
YoumaKourin_049.jpg,P2_YOLO_Det_Nano + SAM,0.5977586080511563,0.6666666666666666
TaiyouNiSmash_059.jpg,P1_YOLO_Nano,0.908672079447187,1.0
TaiyouNiSmash_059.jpg,P2_YOLO_Det_Nano + SAM,0.9595490858889116,1.0
EienNoWith_108.jpg,P1_YOLO_Nano,0.8065805952922647,1.0
EienNoWith_108.jpg,P2_YOLO_Det_Nano + SAM,0.9169207731083593,1.0
EienNoWith_027.jpg,P1_YOLO_Nano,0.5418233688720167,0.5
EienNoWith_027.jpg,P2_YOLO_Det_Nano + SAM,0.8819885261030992,1.0
TotteokiNoABC_048.jpg,P1_YOLO_Nano,0.7075205741310486,0.7777777777777778
TotteokiNoABC_048.jpg,P2_YOLO_Det_Nano + SAM,0.9060377212800255,1.0
YukiNoFuruMachi_066.jpg,P1_YOLO_Nano,0.8135636186838116,0.8888888888888888
YukiNoFuruMachi_066.jpg,P2_YOLO_Det_Nano + SAM,0.8860899883941129,0.9444444444444444
MisutenaideDaisy_050.jpg,P1_YOLO_Nano,0.9182591012853119,1.0
MisutenaideDaisy_050.jpg,P2_YOLO_Det_Nano + SAM,0.8610721564726739,0.9230769230769231
SyabondamaKieta_014.jpg,P1_YOLO_Nano,0.8995899675868408,1.0
SyabondamaKieta_014.jpg,P2_YOLO_Det_Nano + SAM,0.9216111282095488,1.0
BakuretsuKungFuGirl_095.jpg,P1_YOLO_Nano,0.7246081375999601,0.7647058823529411
BakuretsuKungFuGirl_095.jpg,P2_YOLO_Det_Nano + SAM,0.6460811945388137,0.7058823529411765
HisokaReturns_010.jpg,P1_YOLO_Nano,0.9415185173623295,1.0
HisokaReturns_010.jpg,P2_YOLO_Det_Nano + SAM,0.9720091272107305,1.0
RinToSiteSippuNoNaka_143.jpg,P1_YOLO_Nano,0.9269367327424255,1.0
RinToSiteSippuNoNaka_143.jpg,P2_YOLO_Det_Nano + SAM,0.8409888327420485,0.8888888888888888
ParaisoRoad_009.jpg,P1_YOLO_Nano,0.8806982796394143,0.9473684210526315
ParaisoRoad_009.jpg,P2_YOLO_Det_Nano + SAM,0.9588813459567579,1.0
MagicStarGakuin_009.jpg,P1_YOLO_Nano,0.9022354819193491,1.0
MagicStarGakuin_009.jpg,P2_YOLO_Det_Nano + SAM,0.7308181258723017,0.7647058823529411
EienNoWith_102.jpg,P1_YOLO_Nano,0.9164112848150048,1.0
EienNoWith_102.jpg,P2_YOLO_Det_Nano + SAM,0.9452416882953651,1.0
MAD_STONE_059.jpg,P1_YOLO_Nano,0.9186765435470908,1.0
MAD_STONE_059.jpg,P2_YOLO_Det_Nano + SAM,0.9613982663390933,1.0
JijiBabaFight_004.jpg,P1_YOLO_Nano,0.9117312806404356,1.0
JijiBabaFight_004.jpg,P2_YOLO_Det_Nano + SAM,0.9426875176248171,1.0
KimiHaBokuNoTaiyouDa_098.jpg,P1_YOLO_Nano,0.9324564528694648,1.0
KimiHaBokuNoTaiyouDa_098.jpg,P2_YOLO_Det_Nano + SAM,0.952587328931538,1.0
TennenSenshiG_021.jpg,P1_YOLO_Nano,0.9366833337550299,1.0
TennenSenshiG_021.jpg,P2_YOLO_Det_Nano + SAM,0.9494330183200781,1.0
GakuenNoise_025.jpg,P1_YOLO_Nano,0.8612452354971621,0.9473684210526315
GakuenNoise_025.jpg,P2_YOLO_Det_Nano + SAM,0.9524779603183298,1.0
EienNoWith_118.jpg,P1_YOLO_Nano,0.816785892679027,0.8888888888888888
EienNoWith_118.jpg,P2_YOLO_Det_Nano + SAM,0.9525988317307638,1.0
TennenSenshiG_047.jpg,P1_YOLO_Nano,0.861163303982695,0.9230769230769231
TennenSenshiG_047.jpg,P2_YOLO_Det_Nano + SAM,0.8156974922958593,0.8461538461538461
TennenSenshiG_071.jpg,P1_YOLO_Nano,0.8866281707627515,0.9523809523809523
TennenSenshiG_071.jpg,P2_YOLO_Det_Nano + SAM,0.9503301735424886,1.0
JangiriPonpon_073.jpg,P1_YOLO_Nano,0.8834636798586886,1.0
JangiriPonpon_073.jpg,P2_YOLO_Det_Nano + SAM,0.9323035715588948,1.0
HaruichibanNoFukukoro_081.jpg,P1_YOLO_Nano,0.9015026333183533,1.0
HaruichibanNoFukukoro_081.jpg,P2_YOLO_Det_Nano + SAM,0.9436405139016538,1.0
Saisoku_040.jpg,P1_YOLO_Nano,0.7542990627350165,0.8571428571428571
Saisoku_040.jpg,P2_YOLO_Det_Nano + SAM,0.6683888930864974,0.7619047619047619
MisutenaideDaisy_031.jpg,P1_YOLO_Nano,0.8977148272345631,1.0
MisutenaideDaisy_031.jpg,P2_YOLO_Det_Nano + SAM,0.8177740710095541,0.8888888888888888
That'sIzumiko_067.jpg,P1_YOLO_Nano,0.7475468319566566,0.8333333333333334
That'sIzumiko_067.jpg,P2_YOLO_Det_Nano + SAM,0.8651866883446285,0.9166666666666666
RinToSiteSippuNoNaka_121.jpg,P1_YOLO_Nano,0.8153350777276144,0.8571428571428571
RinToSiteSippuNoNaka_121.jpg,P2_YOLO_Det_Nano + SAM,0.964465628293622,1.0
DollGun_030.jpg,P1_YOLO_Nano,0.8905109272434694,1.0
DollGun_030.jpg,P2_YOLO_Det_Nano + SAM,0.8010164627738341,0.875
AkkeraKanjinchou_008.jpg,P1_YOLO_Nano,0.8605561251018221,0.9375
AkkeraKanjinchou_008.jpg,P2_YOLO_Det_Nano + SAM,0.9032606365917035,0.9375
Hamlet_120.jpg,P1_YOLO_Nano,0.9340571476406417,1.0
Hamlet_120.jpg,P2_YOLO_Det_Nano + SAM,0.9553813908604585,1.0
Arisa_091.jpg,P1_YOLO_Nano,0.9173464938469273,1.0
Arisa_091.jpg,P2_YOLO_Det_Nano + SAM,0.7950741831580629,0.8571428571428571
AosugiruHaru_004.jpg,P1_YOLO_Nano,0.7367559018002906,0.8
AosugiruHaru_004.jpg,P2_YOLO_Det_Nano + SAM,0.8887115734963725,0.9333333333333333
Count3DeKimeteAgeru_051.jpg,P1_YOLO_Nano,0.8037995816045166,0.9285714285714286
Count3DeKimeteAgeru_051.jpg,P2_YOLO_Det_Nano + SAM,0.6271039651734817,0.6428571428571429
EverydayOsakanaChan_040.jpg,P1_YOLO_Nano,0.8771428232656495,0.95
EverydayOsakanaChan_040.jpg,P2_YOLO_Det_Nano + SAM,0.9064780805130036,0.95
TotteokiNoABC_044.jpg,P1_YOLO_Nano,0.7329406218835882,0.8421052631578947
TotteokiNoABC_044.jpg,P2_YOLO_Det_Nano + SAM,0.8051264498337938,0.8947368421052632
UnbalanceTokyo_043.jpg,P1_YOLO_Nano,0.8729689999266592,0.95
UnbalanceTokyo_043.jpg,P2_YOLO_Det_Nano + SAM,0.7979767250141372,0.85
YukiNoFuruMachi_036.jpg,P1_YOLO_Nano,0.8702619749407586,0.9333333333333333
YukiNoFuruMachi_036.jpg,P2_YOLO_Det_Nano + SAM,0.902739907340062,0.9333333333333333
JijiBabaFight_065.jpg,P1_YOLO_Nano,0.9392446408616989,1.0
JijiBabaFight_065.jpg,P2_YOLO_Det_Nano + SAM,0.9273635710433803,0.9523809523809523
DualJustice_079.jpg,P1_YOLO_Nano,0.9428890158141698,1.0
DualJustice_079.jpg,P2_YOLO_Det_Nano + SAM,0.9717470405164279,1.0
GarakutayaManta_057.jpg,P1_YOLO_Nano,0.9105241453635016,1.0
GarakutayaManta_057.jpg,P2_YOLO_Det_Nano + SAM,0.9214821592151585,1.0
Akuhamu_039.jpg,P1_YOLO_Nano,0.9037473670439836,1.0
Akuhamu_039.jpg,P2_YOLO_Det_Nano + SAM,0.806368262629842,0.8333333333333334
MemorySeijin_090.jpg,P1_YOLO_Nano,0.9064434767990791,1.0
MemorySeijin_090.jpg,P2_YOLO_Det_Nano + SAM,0.9626653901908111,1.0
JangiriPonpon_026.jpg,P1_YOLO_Nano,0.863656811904492,0.9285714285714286
JangiriPonpon_026.jpg,P2_YOLO_Det_Nano + SAM,0.8954156537461824,0.9285714285714286
SeisinkiVulnus_099.jpg,P1_YOLO_Nano,0.94368515163603,1.0
SeisinkiVulnus_099.jpg,P2_YOLO_Det_Nano + SAM,0.9727469588488834,1.0
YamatoNoHane_078.jpg,P1_YOLO_Nano,0.8585682209622029,0.9333333333333333
YamatoNoHane_078.jpg,P2_YOLO_Det_Nano + SAM,0.9452155541984217,1.0
UnbalanceTokyo_057.jpg,P1_YOLO_Nano,0.8451972909961001,0.9375
UnbalanceTokyo_057.jpg,P2_YOLO_Det_Nano + SAM,0.8227727315219759,0.875
Donburakokko_053.jpg,P1_YOLO_Nano,0.9073218487382713,1.0
Donburakokko_053.jpg,P2_YOLO_Det_Nano + SAM,0.8691618351605097,0.9166666666666666
NichijouSoup_011.jpg,P1_YOLO_Nano,0.8632647050629536,0.9375
NichijouSoup_011.jpg,P2_YOLO_Det_Nano + SAM,0.9583701450551041,1.0
HinagikuKenzan_013.jpg,P1_YOLO_Nano,0.9109541489423466,1.0
HinagikuKenzan_013.jpg,P2_YOLO_Det_Nano + SAM,0.9513145549223859,1.0
MukoukizuNoChonbo_014.jpg,P1_YOLO_Nano,0.899690416695921,1.0
MukoukizuNoChonbo_014.jpg,P2_YOLO_Det_Nano + SAM,0.6308365461177353,0.6666666666666666
LancelotFullThrottle_034.jpg,P1_YOLO_Nano,0.9324117378973119,1.0
LancelotFullThrottle_034.jpg,P2_YOLO_Det_Nano + SAM,0.8609822489594734,0.8888888888888888
PrayerHaNemurenai_013.jpg,P1_YOLO_Nano,0.9050165985221066,1.0
PrayerHaNemurenai_013.jpg,P2_YOLO_Det_Nano + SAM,0.942975383301074,1.0
YoumaKourin_011.jpg,P1_YOLO_Nano,0.9105120965092688,1.0
YoumaKourin_011.jpg,P2_YOLO_Det_Nano + SAM,0.947594536866169,1.0
ToutaMairimasu_026.jpg,P1_YOLO_Nano,0.7545045427065769,0.8181818181818182
ToutaMairimasu_026.jpg,P2_YOLO_Det_Nano + SAM,0.8386924323031633,0.9090909090909091
AisazuNihaIrarenai_020.jpg,P1_YOLO_Nano,0.8455900436949333,0.9285714285714286
AisazuNihaIrarenai_020.jpg,P2_YOLO_Det_Nano + SAM,0.8878480965987248,0.9285714285714286
BurariTessenTorimonocho_013.jpg,P1_YOLO_Nano,0.9266940795323851,1.0
BurariTessenTorimonocho_013.jpg,P2_YOLO_Det_Nano + SAM,0.9564289031200075,1.0
PsychoStaff_087.jpg,P1_YOLO_Nano,0.9391695714236464,1.0
PsychoStaff_087.jpg,P2_YOLO_Det_Nano + SAM,0.9652490276439051,1.0
PsychoStaff_022.jpg,P1_YOLO_Nano,0.9142613639638695,1.0
PsychoStaff_022.jpg,P2_YOLO_Det_Nano + SAM,0.9470194446865786,1.0
LancelotFullThrottle_038.jpg,P1_YOLO_Nano,0.9039377826598568,1.0
LancelotFullThrottle_038.jpg,P2_YOLO_Det_Nano + SAM,0.8500025835461468,0.8947368421052632
PLANET7_076.jpg,P1_YOLO_Nano,0.8059171839756619,0.8823529411764706
PLANET7_076.jpg,P2_YOLO_Det_Nano + SAM,0.8589490851440618,0.9411764705882353
ParaisoRoad_060.jpg,P1_YOLO_Nano,0.8571874351259836,0.9285714285714286
ParaisoRoad_060.jpg,P2_YOLO_Det_Nano + SAM,0.888597120993415,0.9285714285714286
ARMS_052.jpg,P1_YOLO_Nano,0.9102537223011691,1.0
ARMS_052.jpg,P2_YOLO_Det_Nano + SAM,0.9699449095126917,1.0
That'sIzumiko_015.jpg,P1_YOLO_Nano,0.6728270825381928,0.7692307692307693
That'sIzumiko_015.jpg,P2_YOLO_Det_Nano + SAM,0.9133545125749011,1.0
HighschoolKimengumi_vol20_076.jpg,P1_YOLO_Nano,0.9240188026838178,1.0
HighschoolKimengumi_vol20_076.jpg,P2_YOLO_Det_Nano + SAM,0.9224729178257869,0.9642857142857143
MiraiSan_104.jpg,P1_YOLO_Nano,0.9286831053834804,1.0
MiraiSan_104.jpg,P2_YOLO_Det_Nano + SAM,0.951671054022866,1.0
Raphael_026.jpg,P1_YOLO_Nano,0.9027710218589274,0.9285714285714286
Raphael_026.jpg,P2_YOLO_Det_Nano + SAM,0.9276238431272495,0.9285714285714286
HanzaiKousyouninMinegishiEitarou_090.jpg,P1_YOLO_Nano,0.8488943184808498,0.9259259259259259
HanzaiKousyouninMinegishiEitarou_090.jpg,P2_YOLO_Det_Nano + SAM,0.8866455160304405,0.9629629629629629
LancelotFullThrottle_029.jpg,P1_YOLO_Nano,0.7935754123403633,0.8666666666666667
LancelotFullThrottle_029.jpg,P2_YOLO_Det_Nano + SAM,0.6812491486922169,0.7333333333333333
GakuenNoise_094.jpg,P1_YOLO_Nano,0.7707468993589729,0.8888888888888888
GakuenNoise_094.jpg,P2_YOLO_Det_Nano + SAM,0.7413895336086838,0.7777777777777778
RisingGirl_091.jpg,P1_YOLO_Nano,0.4078482822845326,0.5
RisingGirl_091.jpg,P2_YOLO_Det_Nano + SAM,0.6644324312488769,0.8333333333333334
Arisa_049.jpg,P1_YOLO_Nano,0.9184028786031957,1.0
Arisa_049.jpg,P2_YOLO_Det_Nano + SAM,0.8956386411111816,0.9333333333333333
BokuHaSitatakaKun_055.jpg,P1_YOLO_Nano,0.8929627021846529,1.0
BokuHaSitatakaKun_055.jpg,P2_YOLO_Det_Nano + SAM,0.803802888994185,0.875
Nekodama_110.jpg,P1_YOLO_Nano,0.9088745714933598,1.0
Nekodama_110.jpg,P2_YOLO_Det_Nano + SAM,0.7680198945543318,0.8333333333333334
OhWareraRettouSeitokai_011.jpg,P1_YOLO_Nano,0.7489010839335677,0.8461538461538461
OhWareraRettouSeitokai_011.jpg,P2_YOLO_Det_Nano + SAM,0.848495839403687,0.9230769230769231
JangiriPonpon_108.jpg,P1_YOLO_Nano,0.8916902410704888,1.0
JangiriPonpon_108.jpg,P2_YOLO_Det_Nano + SAM,0.8742598887188068,0.9230769230769231
Nekodama_076.jpg,P1_YOLO_Nano,0.8324798305733104,0.8666666666666667
Nekodama_076.jpg,P2_YOLO_Det_Nano + SAM,0.8687716327922616,0.9333333333333333
UnbalanceTokyo_026.jpg,P1_YOLO_Nano,0.8534734460697442,0.9375
UnbalanceTokyo_026.jpg,P2_YOLO_Det_Nano + SAM,0.8128926138985583,0.875
DualJustice_029.jpg,P1_YOLO_Nano,0.8363452175325119,0.9285714285714286
DualJustice_029.jpg,P2_YOLO_Det_Nano + SAM,0.8698173006167966,0.9285714285714286
KuroidoGanka_061.jpg,P1_YOLO_Nano,0.9100971633225053,1.0
KuroidoGanka_061.jpg,P2_YOLO_Det_Nano + SAM,0.9543943643599005,1.0
SamayoeruSyonenNiJunaiWo_014.jpg,P1_YOLO_Nano,0.9329719339078556,1.0
SamayoeruSyonenNiJunaiWo_014.jpg,P2_YOLO_Det_Nano + SAM,0.9531317328766471,1.0
ShimatteIkouze_vol26_010.jpg,P1_YOLO_Nano,0.898389868323139,1.0
ShimatteIkouze_vol26_010.jpg,P2_YOLO_Det_Nano + SAM,0.8396355305656003,0.9230769230769231
HeiseiJimen_107.jpg,P1_YOLO_Nano,0.920948911464771,1.0
HeiseiJimen_107.jpg,P2_YOLO_Det_Nano + SAM,0.7434713122780532,0.8
Arisa_082.jpg,P1_YOLO_Nano,0.9189472698414393,1.0
Arisa_082.jpg,P2_YOLO_Det_Nano + SAM,0.9582669682107567,1.0
SeisinkiVulnus_030.jpg,P1_YOLO_Nano,0.7668846804289529,0.9090909090909091
SeisinkiVulnus_030.jpg,P2_YOLO_Det_Nano + SAM,0.38504259186082207,0.45454545454545453
Hamlet_021.jpg,P1_YOLO_Nano,0.8893626639061678,1.0
Hamlet_021.jpg,P2_YOLO_Det_Nano + SAM,0.8048768917200473,0.8571428571428571
MoeruOnisan_vol19_049.jpg,P1_YOLO_Nano,0.923155466262005,1.0
MoeruOnisan_vol19_049.jpg,P2_YOLO_Det_Nano + SAM,0.9439694624867188,1.0
TotteokiNoABC_008.jpg,P1_YOLO_Nano,0.8774401727753104,1.0
TotteokiNoABC_008.jpg,P2_YOLO_Det_Nano + SAM,0.9130589080192586,1.0
OL_Lunch_061.jpg,P1_YOLO_Nano,0.9178216384669966,1.0
OL_Lunch_061.jpg,P2_YOLO_Det_Nano + SAM,0.94200065094319,1.0
Nekodama_020.jpg,P1_YOLO_Nano,0.8893052842903155,1.0
Nekodama_020.jpg,P2_YOLO_Det_Nano + SAM,0.9348844441551236,1.0
YouchienBoueigumi_024.jpg,P1_YOLO_Nano,0.8703645896692482,1.0
YouchienBoueigumi_024.jpg,P2_YOLO_Det_Nano + SAM,0.8204872881875092,0.8888888888888888
BokuHaSitatakaKun_016.jpg,P1_YOLO_Nano,0.8494218565684742,0.9545454545454546
BokuHaSitatakaKun_016.jpg,P2_YOLO_Det_Nano + SAM,0.7833331320804606,0.8181818181818182
UltraEleven_017.jpg,P1_YOLO_Nano,0.8595488379598366,1.0
UltraEleven_017.jpg,P2_YOLO_Det_Nano + SAM,0.8897336181114419,1.0
MeteoSanStrikeDesu_051.jpg,P1_YOLO_Nano,0.9183479423748541,1.0
MeteoSanStrikeDesu_051.jpg,P2_YOLO_Det_Nano + SAM,0.7744151804129028,0.8571428571428571
AkkeraKanjinchou_067.jpg,P1_YOLO_Nano,0.817350307264118,0.8888888888888888
AkkeraKanjinchou_067.jpg,P2_YOLO_Det_Nano + SAM,0.9580687675002648,1.0
TasogareTsushin_058.jpg,P1_YOLO_Nano,0.9444442360400322,1.0
TasogareTsushin_058.jpg,P2_YOLO_Det_Nano + SAM,0.9641992609704465,1.0
HighschoolKimengumi_vol01_040.jpg,P1_YOLO_Nano,0.8855113671640765,1.0
HighschoolKimengumi_vol01_040.jpg,P2_YOLO_Det_Nano + SAM,0.8872337585842309,0.9565217391304348
MoeruOnisan_vol01_040.jpg,P1_YOLO_Nano,0.8944199151269393,1.0
MoeruOnisan_vol01_040.jpg,P2_YOLO_Det_Nano + SAM,0.8292139135695121,0.8947368421052632
Count3DeKimeteAgeru_060.jpg,P1_YOLO_Nano,0.7548651568426233,0.8333333333333334
Count3DeKimeteAgeru_060.jpg,P2_YOLO_Det_Nano + SAM,0.9578236359955493,1.0
OL_Lunch_052.jpg,P1_YOLO_Nano,0.8164353843099974,0.8888888888888888
OL_Lunch_052.jpg,P2_YOLO_Det_Nano + SAM,0.9470128905223096,1.0
AisazuNihaIrarenai_054.jpg,P1_YOLO_Nano,0.9255733866891322,1.0
AisazuNihaIrarenai_054.jpg,P2_YOLO_Det_Nano + SAM,0.8812898365114709,0.9166666666666666
NichijouSoup_002.jpg,P1_YOLO_Nano,0.8689897391947254,0.9523809523809523
NichijouSoup_002.jpg,P2_YOLO_Det_Nano + SAM,0.9371111622024865,1.0
NichijouSoup_054.jpg,P1_YOLO_Nano,0.8795400878110986,1.0
NichijouSoup_054.jpg,P2_YOLO_Det_Nano + SAM,0.8094992924735458,0.8695652173913043
PsychoStaff_009.jpg,P1_YOLO_Nano,0.8773530736669326,0.9333333333333333
PsychoStaff_009.jpg,P2_YOLO_Det_Nano + SAM,0.9682837708362336,1.0
SaladDays_vol18_082.jpg,P1_YOLO_Nano,0.9337824746574516,1.0
SaladDays_vol18_082.jpg,P2_YOLO_Det_Nano + SAM,0.9511753328501863,1.0
LoveHina_vol14_067.jpg,P1_YOLO_Nano,0.929144883394151,1.0
LoveHina_vol14_067.jpg,P2_YOLO_Det_Nano + SAM,0.9563188779140233,1.0
Nekodama_075.jpg,P1_YOLO_Nano,0.9336111499472908,1.0
Nekodama_075.jpg,P2_YOLO_Det_Nano + SAM,0.9497864087605654,1.0
Nekodama_098.jpg,P1_YOLO_Nano,0.8468900454508748,1.0
Nekodama_098.jpg,P2_YOLO_Det_Nano + SAM,0.4556113826136207,0.5
LancelotFullThrottle_026.jpg,P1_YOLO_Nano,0.8859648436015828,0.95
LancelotFullThrottle_026.jpg,P2_YOLO_Det_Nano + SAM,0.9401232095572343,1.0
ReveryEarth_048.jpg,P1_YOLO_Nano,0.610522203484145,0.6666666666666666
ReveryEarth_048.jpg,P2_YOLO_Det_Nano + SAM,0.8364057322325855,0.8888888888888888
GinNoChimera_056.jpg,P1_YOLO_Nano,0.9521800996775593,1.0
GinNoChimera_056.jpg,P2_YOLO_Det_Nano + SAM,0.9781468071827591,1.0
BakuretsuKungFuGirl_050.jpg,P1_YOLO_Nano,0.8322716204121292,0.9375
BakuretsuKungFuGirl_050.jpg,P2_YOLO_Det_Nano + SAM,0.8896183869961265,1.0
HarukaRefrain_048.jpg,P1_YOLO_Nano,0.8767222920060479,1.0
HarukaRefrain_048.jpg,P2_YOLO_Det_Nano + SAM,0.9086756719919273,1.0
Raphael_036.jpg,P1_YOLO_Nano,0.9403300790559955,1.0
Raphael_036.jpg,P2_YOLO_Det_Nano + SAM,0.8721941890454321,0.9
OhWareraRettouSeitokai_045.jpg,P1_YOLO_Nano,0.8052166059441824,0.9230769230769231
OhWareraRettouSeitokai_045.jpg,P2_YOLO_Det_Nano + SAM,0.8751799212388425,0.9230769230769231
LoveHina_vol14_043.jpg,P1_YOLO_Nano,0.7632504823485509,0.8461538461538461
LoveHina_vol14_043.jpg,P2_YOLO_Det_Nano + SAM,0.8647386434136308,0.9230769230769231
OhWareraRettouSeitokai_006.jpg,P1_YOLO_Nano,0.8866820255837391,1.0
OhWareraRettouSeitokai_006.jpg,P2_YOLO_Det_Nano + SAM,0.8178891151198387,0.8571428571428571
Akuhamu_076.jpg,P1_YOLO_Nano,0.8066331647479709,0.8947368421052632
Akuhamu_076.jpg,P2_YOLO_Det_Nano + SAM,0.868981297146535,0.9473684210526315
BokuHaSitatakaKun_089.jpg,P1_YOLO_Nano,0.9088138485165279,1.0
BokuHaSitatakaKun_089.jpg,P2_YOLO_Det_Nano + SAM,0.874520820243973,0.9354838709677419
Hamlet_087.jpg,P1_YOLO_Nano,0.8149343420866907,0.9166666666666666
Hamlet_087.jpg,P2_YOLO_Det_Nano + SAM,0.8283386304013461,0.9166666666666666
MomoyamaHaikagura_028.jpg,P1_YOLO_Nano,0.9398277468423922,1.0
MomoyamaHaikagura_028.jpg,P2_YOLO_Det_Nano + SAM,0.9691099819903018,1.0
SyabondamaKieta_055.jpg,P1_YOLO_Nano,0.9113587610552434,1.0
SyabondamaKieta_055.jpg,P2_YOLO_Det_Nano + SAM,0.9442167227095287,1.0
PLANET7_003.jpg,P1_YOLO_Nano,0.7323445951447072,0.8125
PLANET7_003.jpg,P2_YOLO_Det_Nano + SAM,0.8586665730681994,0.9375
OhWareraRettouSeitokai_062.jpg,P1_YOLO_Nano,0.7856954792061335,0.96
OhWareraRettouSeitokai_062.jpg,P2_YOLO_Det_Nano + SAM,0.7642994725727362,0.88
HighschoolKimengumi_vol01_021.jpg,P1_YOLO_Nano,0.8896074721102032,0.9696969696969697
HighschoolKimengumi_vol01_021.jpg,P2_YOLO_Det_Nano + SAM,0.9193715267270448,0.9696969696969697
LoveHina_vol14_038.jpg,P1_YOLO_Nano,0.9082853510297687,1.0
LoveHina_vol14_038.jpg,P2_YOLO_Det_Nano + SAM,0.8998428814209295,0.96
TapkunNoTanteisitsu_030.jpg,P1_YOLO_Nano,0.9323905284094077,1.0
TapkunNoTanteisitsu_030.jpg,P2_YOLO_Det_Nano + SAM,0.9616259707112285,1.0
MutekiBoukenSyakuma_015.jpg,P1_YOLO_Nano,0.8412056344855128,1.0
MutekiBoukenSyakuma_015.jpg,P2_YOLO_Det_Nano + SAM,0.7095613871133206,0.8888888888888888
HanzaiKousyouninMinegishiEitarou_038.jpg,P1_YOLO_Nano,0.8804669128918292,1.0
HanzaiKousyouninMinegishiEitarou_038.jpg,P2_YOLO_Det_Nano + SAM,0.9191933066795437,1.0
UchuKigekiM774_071.jpg,P1_YOLO_Nano,0.8906903346306969,0.9629629629629629
UchuKigekiM774_071.jpg,P2_YOLO_Det_Nano + SAM,0.8788014096302718,0.9259259259259259
MariaSamaNihaNaisyo_045.jpg,P1_YOLO_Nano,0.9324458541125837,1.0
MariaSamaNihaNaisyo_045.jpg,P2_YOLO_Det_Nano + SAM,0.9504291439201554,1.0
MAD_STONE_060.jpg,P1_YOLO_Nano,0.930836635797285,1.0
MAD_STONE_060.jpg,P2_YOLO_Det_Nano + SAM,0.955319201486575,1.0
ShimatteIkouze_vol01_056.jpg,P1_YOLO_Nano,0.9114642126113008,1.0
ShimatteIkouze_vol01_056.jpg,P2_YOLO_Det_Nano + SAM,0.88317626481212,0.9230769230769231
Saisoku_032.jpg,P1_YOLO_Nano,0.7438745491159104,0.875
Saisoku_032.jpg,P2_YOLO_Det_Nano + SAM,0.7464022400705694,0.8333333333333334
MemorySeijin_013.jpg,P1_YOLO_Nano,0.8689391243113727,0.9375
MemorySeijin_013.jpg,P2_YOLO_Det_Nano + SAM,0.964023573542943,1.0
Count3DeKimeteAgeru_031.jpg,P1_YOLO_Nano,0.6961229990862355,0.7857142857142857
Count3DeKimeteAgeru_031.jpg,P2_YOLO_Det_Nano + SAM,0.791707225400905,0.8571428571428571
Ningyoushi_012.jpg,P1_YOLO_Nano,0.906950286327915,1.0
Ningyoushi_012.jpg,P2_YOLO_Det_Nano + SAM,0.8943645068536906,0.95
TetsuSan_026.jpg,P1_YOLO_Nano,0.8873298184756129,0.96
TetsuSan_026.jpg,P2_YOLO_Det_Nano + SAM,0.9376555548998335,1.0
Joouari_025.jpg,P1_YOLO_Nano,0.9165228036763271,1.0
Joouari_025.jpg,P2_YOLO_Det_Nano + SAM,0.9578199078567068,1.0
HarukaRefrain_092.jpg,P1_YOLO_Nano,0.9327668840743161,1.0
HarukaRefrain_092.jpg,P2_YOLO_Det_Nano + SAM,0.9071266827942431,0.9333333333333333
GarakutayaManta_095.jpg,P1_YOLO_Nano,0.6506092928673916,0.8333333333333334
GarakutayaManta_095.jpg,P2_YOLO_Det_Nano + SAM,0.7300913540621728,0.8333333333333334
SeisinkiVulnus_003.jpg,P1_YOLO_Nano,0.9076582402697064,1.0
SeisinkiVulnus_003.jpg,P2_YOLO_Det_Nano + SAM,0.9488260059322458,1.0
MemorySeijin_067.jpg,P1_YOLO_Nano,0.9258767005470823,1.0
MemorySeijin_067.jpg,P2_YOLO_Det_Nano + SAM,0.9646827704250883,1.0
OhWareraRettouSeitokai_055.jpg,P1_YOLO_Nano,0.8915303382665303,1.0
OhWareraRettouSeitokai_055.jpg,P2_YOLO_Det_Nano + SAM,0.9384770526822347,1.0
HighschoolKimengumi_vol01_048.jpg,P1_YOLO_Nano,0.8622066691886053,0.9411764705882353
HighschoolKimengumi_vol01_048.jpg,P2_YOLO_Det_Nano + SAM,0.9444526841351198,1.0
RisingGirl_016.jpg,P1_YOLO_Nano,0.9331476396860087,1.0
RisingGirl_016.jpg,P2_YOLO_Det_Nano + SAM,0.9706835955617528,1.0
TensiNoHaneToAkumaNoShippo_042.jpg,P1_YOLO_Nano,0.8048737710707582,0.8666666666666667
TensiNoHaneToAkumaNoShippo_042.jpg,P2_YOLO_Det_Nano + SAM,0.9631346127703656,1.0
KimiHaBokuNoTaiyouDa_029.jpg,P1_YOLO_Nano,0.8831718604344243,1.0
KimiHaBokuNoTaiyouDa_029.jpg,P2_YOLO_Det_Nano + SAM,0.9351500075133261,1.0
OL_Lunch_011.jpg,P1_YOLO_Nano,0.9260156117663468,1.0
OL_Lunch_011.jpg,P2_YOLO_Det_Nano + SAM,0.8660871576878216,0.9047619047619048
TapkunNoTanteisitsu_069.jpg,P1_YOLO_Nano,0.8919058929003165,0.9523809523809523
TapkunNoTanteisitsu_069.jpg,P2_YOLO_Det_Nano + SAM,0.969243660655775,1.0
HinagikuKenzan_051.jpg,P1_YOLO_Nano,0.946188841529786,1.0
HinagikuKenzan_051.jpg,P2_YOLO_Det_Nano + SAM,0.97344901146477,1.0
KarappoHighschool_031.jpg,P1_YOLO_Nano,0.5071852412916396,0.7142857142857143
KarappoHighschool_031.jpg,P2_YOLO_Det_Nano + SAM,0.5966829546282167,0.7142857142857143
AosugiruHaru_065.jpg,P1_YOLO_Nano,0.9451356946121833,1.0
AosugiruHaru_065.jpg,P2_YOLO_Det_Nano + SAM,0.9737518037517273,1.0
WarewareHaOniDearu_017.jpg,P1_YOLO_Nano,0.7946329235941413,0.9090909090909091
WarewareHaOniDearu_017.jpg,P2_YOLO_Det_Nano + SAM,0.8682308682405775,0.9090909090909091
TotteokiNoABC_020.jpg,P1_YOLO_Nano,0.7749294735127181,0.8888888888888888
TotteokiNoABC_020.jpg,P2_YOLO_Det_Nano + SAM,0.7074379325436433,0.7777777777777778
Hamlet_162.jpg,P1_YOLO_Nano,0.8675709609091136,0.9090909090909091
Hamlet_162.jpg,P2_YOLO_Det_Nano + SAM,0.9591084532844508,1.0
AppareKappore_095.jpg,P1_YOLO_Nano,0.9108454593176661,1.0
AppareKappore_095.jpg,P2_YOLO_Det_Nano + SAM,0.9428583146898015,1.0
ShimatteIkouze_vol01_063.jpg,P1_YOLO_Nano,0.8883564478039196,0.9615384615384616
ShimatteIkouze_vol01_063.jpg,P2_YOLO_Det_Nano + SAM,0.897864227615413,0.9615384615384616
HarukaRefrain_057.jpg,P1_YOLO_Nano,0.8425701803876274,1.0
HarukaRefrain_057.jpg,P2_YOLO_Det_Nano + SAM,0.9068707177625077,1.0
MayaNoAkaiKutsu_042.jpg,P1_YOLO_Nano,0.9248143450680517,1.0
MayaNoAkaiKutsu_042.jpg,P2_YOLO_Det_Nano + SAM,0.8780451378672088,0.9333333333333333
EvaLady_101.jpg,P1_YOLO_Nano,0.9286034313513526,1.0
EvaLady_101.jpg,P2_YOLO_Det_Nano + SAM,0.9574895592211047,1.0
RisingGirl_112.jpg,P1_YOLO_Nano,0.9121939817860497,1.0
RisingGirl_112.jpg,P2_YOLO_Det_Nano + SAM,0.9625683133889781,1.0
TensiNoHaneToAkumaNoShippo_045.jpg,P1_YOLO_Nano,0.8329691290573885,1.0
TensiNoHaneToAkumaNoShippo_045.jpg,P2_YOLO_Det_Nano + SAM,0.7199124698785023,0.7857142857142857
MariaSamaNihaNaisyo_044.jpg,P1_YOLO_Nano,0.8927972359089978,0.9444444444444444
MariaSamaNihaNaisyo_044.jpg,P2_YOLO_Det_Nano + SAM,0.9732078183418518,1.0
TennenSenshiG_053.jpg,P1_YOLO_Nano,0.8556514886246408,0.9565217391304348
TennenSenshiG_053.jpg,P2_YOLO_Det_Nano + SAM,0.8739950046468744,0.9130434782608695
Akuhamu_022.jpg,P1_YOLO_Nano,0.9072895560531208,1.0
Akuhamu_022.jpg,P2_YOLO_Det_Nano + SAM,0.8183657559236356,0.8571428571428571
UltraEleven_031.jpg,P1_YOLO_Nano,0.7667841256447548,0.8
UltraEleven_031.jpg,P2_YOLO_Det_Nano + SAM,0.7773236845939551,0.8
UnbalanceTokyo_028.jpg,P1_YOLO_Nano,0.8556635232606052,1.0
UnbalanceTokyo_028.jpg,P2_YOLO_Det_Nano + SAM,0.8609636589014134,0.9090909090909091
Jyovolley_027.jpg,P1_YOLO_Nano,0.8816113092833079,1.0
Jyovolley_027.jpg,P2_YOLO_Det_Nano + SAM,0.9544438531761135,1.0
BokuHaSitatakaKun_012.jpg,P1_YOLO_Nano,0.8680368203452598,0.9629629629629629
BokuHaSitatakaKun_012.jpg,P2_YOLO_Det_Nano + SAM,0.8699337788512781,0.9629629629629629
Ningyoushi_022.jpg,P1_YOLO_Nano,0.8307990264586097,0.9285714285714286
Ningyoushi_022.jpg,P2_YOLO_Det_Nano + SAM,0.7250266577128173,0.7857142857142857
HisokaReturns_087.jpg,P1_YOLO_Nano,0.9031445824282284,1.0
HisokaReturns_087.jpg,P2_YOLO_Det_Nano + SAM,0.93855614269317,1.0
UnbalanceTokyo_083.jpg,P1_YOLO_Nano,0.8662528495158942,1.0
UnbalanceTokyo_083.jpg,P2_YOLO_Det_Nano + SAM,0.897647150216076,1.0
EienNoWith_009.jpg,P1_YOLO_Nano,0.8530800296867433,0.9285714285714286
EienNoWith_009.jpg,P2_YOLO_Det_Nano + SAM,0.9286648185203289,1.0
Arisa_077.jpg,P1_YOLO_Nano,0.8789640042023781,0.9375
Arisa_077.jpg,P2_YOLO_Det_Nano + SAM,0.8443218189333135,0.875
MagicianLoad_035.jpg,P1_YOLO_Nano,0.866805071126128,1.0
MagicianLoad_035.jpg,P2_YOLO_Det_Nano + SAM,0.5370455494247627,0.5
MutekiBoukenSyakuma_071.jpg,P1_YOLO_Nano,0.9188722894528748,1.0
MutekiBoukenSyakuma_071.jpg,P2_YOLO_Det_Nano + SAM,0.8407345163651804,0.8823529411764706
KuroidoGanka_050.jpg,P1_YOLO_Nano,0.9029751505082328,1.0
KuroidoGanka_050.jpg,P2_YOLO_Det_Nano + SAM,0.9521026564768613,1.0
Belmondo_027.jpg,P1_YOLO_Nano,0.8467903241772464,0.9411764705882353
Belmondo_027.jpg,P2_YOLO_Det_Nano + SAM,0.8388220463727963,0.8823529411764706
RinToSiteSippuNoNaka_031.jpg,P1_YOLO_Nano,0.7968510548416401,0.8571428571428571
RinToSiteSippuNoNaka_031.jpg,P2_YOLO_Det_Nano + SAM,0.8192991224809953,0.8571428571428571
TsubasaNoKioku_091.jpg,P1_YOLO_Nano,0.9374665364434766,1.0
TsubasaNoKioku_091.jpg,P2_YOLO_Det_Nano + SAM,0.8550935871086034,1.0
UltraEleven_016.jpg,P1_YOLO_Nano,0.7574484407911749,0.75
UltraEleven_016.jpg,P2_YOLO_Det_Nano + SAM,0.7695015506915288,0.8333333333333334
LancelotFullThrottle_027.jpg,P1_YOLO_Nano,0.8519567823664769,0.9285714285714286
LancelotFullThrottle_027.jpg,P2_YOLO_Det_Nano + SAM,0.8717510207835222,0.9285714285714286
MAD_STONE_076.jpg,P1_YOLO_Nano,0.8393135148687768,0.8888888888888888
MAD_STONE_076.jpg,P2_YOLO_Det_Nano + SAM,0.6482192102714707,0.6666666666666666
MutekiBoukenSyakuma_046.jpg,P1_YOLO_Nano,0.8634090857631802,1.0
MutekiBoukenSyakuma_046.jpg,P2_YOLO_Det_Nano + SAM,0.0,0.0
MoeruOnisan_vol01_084.jpg,P1_YOLO_Nano,0.9097658443044152,0.9655172413793104
MoeruOnisan_vol01_084.jpg,P2_YOLO_Det_Nano + SAM,0.964433002784741,1.0
YukiNoFuruMachi_054.jpg,P1_YOLO_Nano,0.8875792373864296,1.0
YukiNoFuruMachi_054.jpg,P2_YOLO_Det_Nano + SAM,0.8299949936366847,0.9090909090909091
PsychoStaff_078.jpg,P1_YOLO_Nano,0.9219100794161277,1.0
PsychoStaff_078.jpg,P2_YOLO_Det_Nano + SAM,0.8527245065407418,0.9
Hamlet_089.jpg,P1_YOLO_Nano,0.892515300071773,1.0
Hamlet_089.jpg,P2_YOLO_Det_Nano + SAM,0.9365475390791538,1.0
UltraEleven_082.jpg,P1_YOLO_Nano,0.8681618470255801,1.0
UltraEleven_082.jpg,P2_YOLO_Det_Nano + SAM,0.9150808011587231,1.0
TapkunNoTanteisitsu_040.jpg,P1_YOLO_Nano,0.8854389473891696,0.9285714285714286
TapkunNoTanteisitsu_040.jpg,P2_YOLO_Det_Nano + SAM,0.9765998968942242,1.0
PlatinumJungle_017.jpg,P1_YOLO_Nano,0.7729660061546593,0.9
PlatinumJungle_017.jpg,P2_YOLO_Det_Nano + SAM,0.7643331593503253,0.9
Arisa_019.jpg,P1_YOLO_Nano,0.735194487519759,0.8333333333333334
Arisa_019.jpg,P2_YOLO_Det_Nano + SAM,0.8227889841602688,0.9166666666666666
ReveryEarth_082.jpg,P1_YOLO_Nano,0.8670212151549145,1.0
ReveryEarth_082.jpg,P2_YOLO_Det_Nano + SAM,0.9504839325316298,1.0
LancelotFullThrottle_044.jpg,P1_YOLO_Nano,0.8643927532083757,0.9230769230769231
LancelotFullThrottle_044.jpg,P2_YOLO_Det_Nano + SAM,0.9374405905651766,0.9615384615384616
YumeNoKayoiji_045.jpg,P1_YOLO_Nano,0.8859503155580332,1.0
YumeNoKayoiji_045.jpg,P2_YOLO_Det_Nano + SAM,0.9354091192960231,1.0
PikaruGenkiDesu_040.jpg,P1_YOLO_Nano,0.8530395182382363,0.9090909090909091
PikaruGenkiDesu_040.jpg,P2_YOLO_Det_Nano + SAM,0.8648815885796133,0.9090909090909091
UltraEleven_093.jpg,P1_YOLO_Nano,0.7566555417532187,0.9
UltraEleven_093.jpg,P2_YOLO_Det_Nano + SAM,0.6375139398096157,0.7
KarappoHighschool_078.jpg,P1_YOLO_Nano,0.906371073947897,1.0
KarappoHighschool_078.jpg,P2_YOLO_Det_Nano + SAM,0.9526930380868585,1.0
Joouari_037.jpg,P1_YOLO_Nano,0.17648959448722673,0.2
Joouari_037.jpg,P2_YOLO_Det_Nano + SAM,0.6577259544945059,0.8
LoveHina_vol01_006.jpg,P1_YOLO_Nano,0.840379400297574,1.0
LoveHina_vol01_006.jpg,P2_YOLO_Det_Nano + SAM,0.7573739771832116,0.8666666666666667
MagicianLoad_083.jpg,P1_YOLO_Nano,0.8199534522962405,0.8571428571428571
MagicianLoad_083.jpg,P2_YOLO_Det_Nano + SAM,0.8410520926737457,0.8571428571428571
Belmondo_004.jpg,P1_YOLO_Nano,0.9407834002341242,1.0
Belmondo_004.jpg,P2_YOLO_Det_Nano + SAM,0.9650457328526998,1.0
MutekiBoukenSyakuma_066.jpg,P1_YOLO_Nano,0.8223517286347676,0.9285714285714286
MutekiBoukenSyakuma_066.jpg,P2_YOLO_Det_Nano + SAM,0.6001685634235677,0.6428571428571429
TensiNoHaneToAkumaNoShippo_029.jpg,P1_YOLO_Nano,0.8587726112873658,0.9230769230769231
TensiNoHaneToAkumaNoShippo_029.jpg,P2_YOLO_Det_Nano + SAM,0.8791336877190132,0.9230769230769231
TasogareTsushin_010.jpg,P1_YOLO_Nano,0.890084128269284,1.0
TasogareTsushin_010.jpg,P2_YOLO_Det_Nano + SAM,0.7930004107606429,0.8571428571428571
HighschoolKimengumi_vol01_053.jpg,P1_YOLO_Nano,0.8522079316381883,0.9545454545454546
HighschoolKimengumi_vol01_053.jpg,P2_YOLO_Det_Nano + SAM,0.829806425477139,0.9090909090909091
YamatoNoHane_022.jpg,P1_YOLO_Nano,0.9245817424647574,1.0
YamatoNoHane_022.jpg,P2_YOLO_Det_Nano + SAM,0.951972678098287,1.0
PlatinumJungle_076.jpg,P1_YOLO_Nano,0.8363402595054016,0.875
PlatinumJungle_076.jpg,P2_YOLO_Det_Nano + SAM,0.9539943120762882,1.0
HinagikuKenzan_077.jpg,P1_YOLO_Nano,0.9294733598902257,1.0
HinagikuKenzan_077.jpg,P2_YOLO_Det_Nano + SAM,0.8721038274833013,0.9090909090909091
MisutenaideDaisy_055.jpg,P1_YOLO_Nano,0.3784954484305724,0.42857142857142855
MisutenaideDaisy_055.jpg,P2_YOLO_Det_Nano + SAM,0.38164715301052193,0.42857142857142855
RinToSiteSippuNoNaka_112.jpg,P1_YOLO_Nano,0.8139255628226495,0.8571428571428571
RinToSiteSippuNoNaka_112.jpg,P2_YOLO_Det_Nano + SAM,0.9560151448564452,1.0
YoumaKourin_004.jpg,P1_YOLO_Nano,0.8972096615207505,1.0
YoumaKourin_004.jpg,P2_YOLO_Det_Nano + SAM,0.935045776970311,1.0
ParaisoRoad_012.jpg,P1_YOLO_Nano,0.9199979160838128,1.0
ParaisoRoad_012.jpg,P2_YOLO_Det_Nano + SAM,0.9130960251828135,0.9411764705882353
EverydayOsakanaChan_046.jpg,P1_YOLO_Nano,0.7887068826570707,0.8666666666666667
EverydayOsakanaChan_046.jpg,P2_YOLO_Det_Nano + SAM,0.8636898243703182,0.9333333333333333
HeiseiJimen_069.jpg,P1_YOLO_Nano,0.9083803273199433,1.0
HeiseiJimen_069.jpg,P2_YOLO_Det_Nano + SAM,0.8554058856003718,0.9090909090909091
BokuHaSitatakaKun_037.jpg,P1_YOLO_Nano,0.8892627673200506,0.9583333333333334
BokuHaSitatakaKun_037.jpg,P2_YOLO_Det_Nano + SAM,0.9607349953942101,1.0
YoumaKourin_094.jpg,P1_YOLO_Nano,0.8681324437672275,0.9
YoumaKourin_094.jpg,P2_YOLO_Det_Nano + SAM,0.8611955661367583,0.9
AppareKappore_009.jpg,P1_YOLO_Nano,0.8517145420139637,0.9473684210526315
AppareKappore_009.jpg,P2_YOLO_Det_Nano + SAM,0.8968723613088159,0.9473684210526315
MariaSamaNihaNaisyo_069.jpg,P1_YOLO_Nano,0.9298806629040323,1.0
MariaSamaNihaNaisyo_069.jpg,P2_YOLO_Det_Nano + SAM,0.9614744784469968,1.0
ToutaMairimasu_007.jpg,P1_YOLO_Nano,0.9105153830820988,1.0
ToutaMairimasu_007.jpg,P2_YOLO_Det_Nano + SAM,0.9184491879581024,1.0
MutekiBoukenSyakuma_018.jpg,P1_YOLO_Nano,0.7499013719355626,0.8571428571428571
MutekiBoukenSyakuma_018.jpg,P2_YOLO_Det_Nano + SAM,0.7701409362035575,0.8571428571428571
TensiNoHaneToAkumaNoShippo_059.jpg,P1_YOLO_Nano,0.6533714432689247,0.7647058823529411
TensiNoHaneToAkumaNoShippo_059.jpg,P2_YOLO_Det_Nano + SAM,0.8011242759252057,0.8823529411764706
HinagikuKenzan_069.jpg,P1_YOLO_Nano,0.9192275011642026,1.0
HinagikuKenzan_069.jpg,P2_YOLO_Det_Nano + SAM,0.896759167660999,0.9230769230769231
UltraEleven_102.jpg,P1_YOLO_Nano,0.7672394619799515,1.0
UltraEleven_102.jpg,P2_YOLO_Det_Nano + SAM,0.36409752887607116,0.5
RinToSiteSippuNoNaka_120.jpg,P1_YOLO_Nano,0.9245433610251871,1.0
RinToSiteSippuNoNaka_120.jpg,P2_YOLO_Det_Nano + SAM,0.931978850256859,1.0
BakuretsuKungFuGirl_074.jpg,P1_YOLO_Nano,0.5896832189355037,0.7
BakuretsuKungFuGirl_074.jpg,P2_YOLO_Det_Nano + SAM,0.8593834881652178,0.9
OhWareraRettouSeitokai_080.jpg,P1_YOLO_Nano,0.8507169458313258,1.0
OhWareraRettouSeitokai_080.jpg,P2_YOLO_Det_Nano + SAM,0.8781858375331664,1.0
AkkeraKanjinchou_039.jpg,P1_YOLO_Nano,0.8952006463639396,0.9523809523809523
AkkeraKanjinchou_039.jpg,P2_YOLO_Det_Nano + SAM,0.9268270444062926,0.9523809523809523
HisokaReturns_024.jpg,P1_YOLO_Nano,0.9161666130715818,1.0
HisokaReturns_024.jpg,P2_YOLO_Det_Nano + SAM,0.9354944263706831,1.0
ShimatteIkouze_vol01_100.jpg,P1_YOLO_Nano,0.8413249902102925,0.9090909090909091
ShimatteIkouze_vol01_100.jpg,P2_YOLO_Det_Nano + SAM,0.9111797140735175,0.9545454545454546
KuroidoGanka_077.jpg,P1_YOLO_Nano,0.8478630883274842,0.95
KuroidoGanka_077.jpg,P2_YOLO_Det_Nano + SAM,0.8841902721983667,0.95
HeiseiJimen_034.jpg,P1_YOLO_Nano,0.776548059259394,0.9230769230769231
HeiseiJimen_034.jpg,P2_YOLO_Det_Nano + SAM,0.5999771938406442,0.6153846153846154
TapkunNoTanteisitsu_052.jpg,P1_YOLO_Nano,0.9234233619298302,1.0
TapkunNoTanteisitsu_052.jpg,P2_YOLO_Det_Nano + SAM,0.9593319086067305,1.0
GinNoChimera_059.jpg,P1_YOLO_Nano,0.1862627873252935,0.25
GinNoChimera_059.jpg,P2_YOLO_Det_Nano + SAM,0.0,0.0
SeisinkiVulnus_056.jpg,P1_YOLO_Nano,0.8464819186979053,0.9285714285714286
SeisinkiVulnus_056.jpg,P2_YOLO_Det_Nano + SAM,0.8667569962451552,0.9285714285714286
SamayoeruSyonenNiJunaiWo_077.jpg,P1_YOLO_Nano,0.9110318441456009,1.0
SamayoeruSyonenNiJunaiWo_077.jpg,P2_YOLO_Det_Nano + SAM,0.9196341273339875,1.0
That'sIzumiko_026.jpg,P1_YOLO_Nano,0.8787655451274871,1.0
That'sIzumiko_026.jpg,P2_YOLO_Det_Nano + SAM,0.950771392806579,1.0
MoeruOnisan_vol01_060.jpg,P1_YOLO_Nano,0.8876969807954885,0.9666666666666667
MoeruOnisan_vol01_060.jpg,P2_YOLO_Det_Nano + SAM,0.8215974866037727,0.8666666666666667
That'sIzumiko_109.jpg,P1_YOLO_Nano,0.8944444072770056,1.0
That'sIzumiko_109.jpg,P2_YOLO_Det_Nano + SAM,0.9243293920834914,1.0
MariaSamaNihaNaisyo_056.jpg,P1_YOLO_Nano,0.8215762298593375,1.0
MariaSamaNihaNaisyo_056.jpg,P2_YOLO_Det_Nano + SAM,0.8704518513304578,1.0
GOOD_KISS_Ver2_001.jpg,P1_YOLO_Nano,0.8577066297321433,1.0
GOOD_KISS_Ver2_001.jpg,P2_YOLO_Det_Nano + SAM,0.9129818372216263,1.0
Akuhamu_005.jpg,P1_YOLO_Nano,0.9253075336223306,1.0
Akuhamu_005.jpg,P2_YOLO_Det_Nano + SAM,0.8857334273245394,0.9285714285714286
HighschoolKimengumi_vol01_076.jpg,P1_YOLO_Nano,0.8912645595240956,1.0
HighschoolKimengumi_vol01_076.jpg,P2_YOLO_Det_Nano + SAM,0.9363428717811554,1.0
TouyouKidan_024.jpg,P1_YOLO_Nano,0.8488998107559326,1.0
TouyouKidan_024.jpg,P2_YOLO_Det_Nano + SAM,0.6891436245166277,0.8
That'sIzumiko_018.jpg,P1_YOLO_Nano,0.8916070601105542,1.0
That'sIzumiko_018.jpg,P2_YOLO_Det_Nano + SAM,0.9017488149488999,1.0
Count3DeKimeteAgeru_026.jpg,P1_YOLO_Nano,0.8803563962349001,1.0
Count3DeKimeteAgeru_026.jpg,P2_YOLO_Det_Nano + SAM,0.893803058555652,1.0
TennenSenshiG_063.jpg,P1_YOLO_Nano,0.9284735381199051,1.0
TennenSenshiG_063.jpg,P2_YOLO_Det_Nano + SAM,0.8109411295514569,0.875
TennenSenshiG_022.jpg,P1_YOLO_Nano,0.7895146347630672,0.8333333333333334
TennenSenshiG_022.jpg,P2_YOLO_Det_Nano + SAM,0.8096355047717779,0.8333333333333334
EienNoWith_116.jpg,P1_YOLO_Nano,0.9472304921255742,1.0
EienNoWith_116.jpg,P2_YOLO_Det_Nano + SAM,0.9739386799639596,1.0
